file_name,category
011_0058.png,11
011_1_0044_1_j.png,11
012_0012.png,12
005_1_0053.png,5
052_0003.png,52
038_1_0020_1_j.png,38
002_0003.png,2
043_1_0035.png,43
007_1_0017_1_j.png,7
017_0007.png,17
030_0049.png,30
055_1_0044.png,55
054_1_0067_1_j.png,54
007_1_0001_1_j.png,7
056_1_0033.png,56
003_1_0128.png,3
056_1_0053.png,56
010_1_0002.png,10
027_1_0011_1_j.png,27
040_1_0012.png,40
055_1_0049.png,55
014_0007_j.png,14
045_0005.png,45
003_1_0121.png,3
016_1_0031.png,16
011_0011_j.png,11
043_1_0001.png,43
043_1_0059.png,43
011_0009_j.png,11
052_1_0009.png,52
000_0050.png,0
002_0019.png,2
039_0012.png,39
037_1_0004_1_j.png,37
005_0003.png,5
038_1_0011_1_j.png,38
002_1_0029.png,2
003_1_0030_1_j.png,3
014_1_0047.png,14
036_0009.png,36
030_0057.png,30
028_1_0128.png,28
003_0116.png,3
013_1_0015_1_j.png,13
052_1_0013.png,52
002_1_0025.png,2
020_0004.png,20
029_0008_j.png,29
017_0016.png,17
048_1_0003.png,48
040_1_0002.png,40
010_1_0025_1_j.png,10
001_0001.png,1
041_0002.png,41
055_0040.png,55
035_1_0070.png,35
026_1_0048.png,26
000_0047.png,0
003_0024.png,3
002_0014.png,2
028_1_0147.png,28
049_0001_j.png,49
035_1_0041.png,35
050_1_0002_1_j.png,50
007_1_0026.png,7
038_0017_j.png,38
029_0011_j.png,29
046_0005_j.png,46
049_0016.png,49
050_0021.png,50
012_1_0030.png,12
003_0033.png,3
003_0005_j.png,3
023_0005.png,23
028_1_0023_1_j.png,28
035_1_0011_1_j.png,35
000_1_0025.png,0
026_0067_j.png,26
011_0010_j.png,11
052_1_0014.png,52
037_0002_j.png,37
026_1_0050.png,26
034_0002_j.png,34
026_0054_j.png,26
011_0031.png,11
003_1_0090.png,3
031_1_0009_1_j.png,31
054_1_0151.png,54
000_0005.png,0
001_0016.png,1
010_1_0015.png,10
028_0048.png,28
043_0003.png,43
018_1_0003.png,18
015_1_0007_1_j.png,15
046_1_0003_1_j.png,46
054_1_0047_1_j.png,54
006_0010_j.png,6
031_0008_j.png,31
027_0009_j.png,27
035_1_0015_1_j.png,35
028_1_0078.png,28
030_1_0028.png,30
005_1_0019.png,5
002_1_0030.png,2
028_1_0132.png,28
052_0012.png,52
003_1_0029_1_j.png,3
011_1_0002_1_j.png,11
007_1_0069.png,7
039_1_0016_1_j.png,39
056_1_0036.png,56
028_1_0178.png,28
043_0037.png,43
056_1_0021_1_j.png,56
004_0048.png,4
030_1_0016_1_j.png,30
016_0033_j.png,16
014_1_0023.png,14
026_0045_j.png,26
028_0024.png,28
054_1_0036.png,54
055_1_0018_1_j.png,55
024_0017.png,24
043_0023.png,43
004_0015_j.png,4
021_0007.png,21
017_0002.png,17
030_0022.png,30
044_1_0007.png,44
054_0061.png,54
054_0012.png,54
000_1_0037.png,0
054_0107.png,54
011_0055_j.png,11
054_0019_j.png,54
021_1_0002.png,21
003_0121.png,3
011_1_0049.png,11
054_1_0045_1_j.png,54
054_0031.png,54
043_0006_j.png,43
054_1_0131.png,54
000_0019.png,0
000_0055.png,0
013_0019_j.png,13
029_1_0007_1_j.png,29
037_1_0011.png,37
030_0062.png,30
017_1_0016_1_j.png,17
026_0055.png,26
055_1_0004_1_j.png,55
044_1_0008.png,44
011_0020.png,11
016_0026.png,16
016_0054.png,16
024_1_0013.png,24
056_1_0016.png,56
001_1_0010.png,1
012_1_0001.png,12
028_1_0144.png,28
031_0011.png,31
016_0009.png,16
044_1_0009.png,44
028_0019_j.png,28
037_1_0006_1_j.png,37
054_1_0009.png,54
028_0028.png,28
003_1_0079.png,3
011_0046_j.png,11
044_0005.png,44
051_0005_j.png,51
016_0007_j.png,16
013_0023_j.png,13
024_1_0025.png,24
054_1_0037.png,54
026_0036_j.png,26
046_0001.png,46
007_1_0031.png,7
028_1_0041.png,28
036_1_0009.png,36
017_1_0040.png,17
028_1_0003.png,28
055_1_0017_1_j.png,55
055_0023_j.png,55
035_0021.png,35
054_1_0097.png,54
028_1_0112.png,28
005_0008.png,5
007_0023.png,7
043_0045.png,43
034_1_0010.png,34
042_1_0004_1_j.png,42
043_1_0039.png,43
049_1_0010_1_j.png,49
011_0039.png,11
028_0021_j.png,28
037_1_0014_1_j.png,37
029_1_0011.png,29
017_1_0005_1_j.png,17
003_1_0110.png,3
016_1_0039_1_j.png,16
005_0030.png,5
028_0072.png,28
017_0058.png,17
040_1_0004_1_j.png,40
031_1_0001.png,31
002_0029.png,2
005_1_0076.png,5
030_1_0009_1_j.png,30
026_1_0048_1_j.png,26
035_1_0001.png,35
010_1_0020_1_j.png,10
026_1_0012.png,26
014_1_0049.png,14
028_1_0028_1_j.png,28
005_1_0003.png,5
005_0087.png,5
026_1_0059.png,26
055_1_0001_1_j.png,55
011_0016_j.png,11
054_1_0003_1_j.png,54
012_0042.png,12
028_1_0136.png,28
049_0007_j.png,49
003_0037.png,3
028_1_0007_1_j.png,28
017_1_0029.png,17
016_0038.png,16
013_0046.png,13
010_1_0005.png,10
043_0028_j.png,43
013_1_0002_1_j.png,13
043_0054.png,43
024_0006.png,24
010_1_0026.png,10
026_1_0022_1_j.png,26
055_0061.png,55
012_0004_j.png,12
020_1_0005.png,20
013_0005_j.png,13
044_1_0012.png,44
006_0008.png,6
006_1_0016_1_j.png,6
012_0018.png,12
040_1_0006_1_j.png,40
028_1_0005.png,28
054_0083.png,54
017_0021.png,17
007_1_0071.png,7
018_0004.png,18
000_0052.png,0
042_0004.png,42
007_0011_j.png,7
008_1_0007_1_j.png,8
056_1_0001_1_j.png,56
000_0033.png,0
003_1_0103.png,3
024_0037.png,24
011_1_0040_1_j.png,11
003_1_0062.png,3
010_0012.png,10
010_0006.png,10
005_0049.png,5
005_1_0016_1_j.png,5
008_1_0009.png,8
054_0064_j.png,54
028_1_0158.png,28
016_1_0019_1_j.png,16
038_0002_j.png,38
026_1_0041_1_j.png,26
030_1_0056.png,30
055_1_0020.png,55
017_1_0036.png,17
030_0001.png,30
007_1_0017.png,7
026_0050_j.png,26
022_1_0006.png,22
003_1_0026.png,3
017_1_0058.png,17
049_0008_j.png,49
054_1_0033_1_j.png,54
016_1_0020.png,16
005_0023.png,5
012_0007.png,12
003_1_0005.png,3
044_0004.png,44
054_1_0030_1_j.png,54
028_0063.png,28
014_0014.png,14
029_1_0003_1_j.png,29
055_0026_j.png,55
054_1_0072_1_j.png,54
034_1_0006.png,34
028_1_0006.png,28
037_1_0005.png,37
055_1_0072.png,55
011_1_0025.png,11
010_0015_j.png,10
003_0033.png,3
026_0023_j.png,26
035_1_0027.png,35
036_0015.png,36
028_1_0068.png,28
035_0005.png,35
028_0202.png,28
028_0190.png,28
028_0148.png,28
002_0017.png,2
003_1_0012.png,3
054_0064.png,54
003_0023_j.png,3
000_1_0002.png,0
049_1_0021_1_j.png,49
041_0003.png,41
016_1_0033_1_j.png,16
010_1_0019.png,10
017_1_0017_1_j.png,17
004_1_0014_1_j.png,4
043_0047.png,43
007_1_0073.png,7
011_0060.png,11
028_1_0066.png,28
015_0002_j.png,15
031_1_0014.png,31
056_1_0044.png,56
024_1_0036.png,24
036_0008.png,36
011_0033_j.png,11
026_0031_j.png,26
055_0038.png,55
003_1_0006_1_j.png,3
021_0003_j.png,21
011_1_0005.png,11
026_0062.png,26
024_0026.png,24
016_1_0016.png,16
003_1_0020_1_j.png,3
056_0050.png,56
016_0068.png,16
003_1_0054.png,3
029_1_0014.png,29
004_1_0006_1_j.png,4
035_1_0059.png,35
004_0026_j.png,4
042_0002_j.png,42
046_0002.png,46
028_0133.png,28
024_1_0010.png,24
043_1_0014.png,43
016_0023.png,16
011_1_0058.png,11
016_0065.png,16
011_1_0028.png,11
005_0039.png,5
030_0074.png,30
010_0013.png,10
000_0053.png,0
028_0002.png,28
023_0003.png,23
028_0026.png,28
001_0014.png,1
035_1_0057.png,35
028_1_0184.png,28
014_1_0040.png,14
003_1_0033.png,3
043_1_0056.png,43
004_1_0019_1_j.png,4
035_0023_j.png,35
054_1_0092.png,54
028_1_0048.png,28
007_1_0021_1_j.png,7
011_1_0009_1_j.png,11
005_0080.png,5
041_0002_j.png,41
005_1_0022.png,5
034_0004_j.png,34
035_0046.png,35
038_1_0009_1_j.png,38
013_0010_j.png,13
024_0033.png,24
010_1_0003.png,10
034_0006.png,34
012_0015.png,12
004_1_0004.png,4
003_1_0002.png,3
043_0036.png,43
054_1_0046.png,54
050_0015.png,50
007_0054.png,7
007_1_0028.png,7
003_0019.png,3
005_1_0092.png,5
055_1_0050.png,55
024_1_0017.png,24
044_0009.png,44
028_0058.png,28
010_1_0022_1_j.png,10
026_1_0029.png,26
038_0020_j.png,38
054_0086_j.png,54
035_1_0008.png,35
026_1_0006.png,26
003_0021_j.png,3
026_0053_j.png,26
010_0004.png,10
013_0009_j.png,13
004_1_0018.png,4
005_1_0094.png,5
012_0002.png,12
035_1_0035.png,35
011_0010.png,11
043_0027.png,43
028_1_0057.png,28
006_1_0025.png,6
002_1_0030.png,2
026_0046_j.png,26
006_0008_j.png,6
036_0006.png,36
000_1_0046.png,0
007_0027.png,7
005_0004.png,5
038_0011_j.png,38
013_0002_j.png,13
043_0002_j.png,43
026_0001.png,26
027_0008_j.png,27
056_1_0004_1_j.png,56
055_1_0030.png,55
006_1_0035.png,6
031_0015.png,31
007_0051.png,7
026_1_0024.png,26
056_1_0042.png,56
056_0010_j.png,56
006_0009_j.png,6
050_0016.png,50
016_0008.png,16
050_0010_j.png,50
002_1_0003.png,2
035_0024_j.png,35
016_0036.png,16
056_1_0012_1_j.png,56
005_0078.png,5
045_1_0004.png,45
055_1_0020_1_j.png,55
000_1_0047.png,0
030_0039.png,30
055_0058.png,55
016_1_0067.png,16
054_1_0051.png,54
054_1_0004.png,54
003_1_0009_1_j.png,3
044_0001_j.png,44
054_1_0029.png,54
030_1_0054.png,30
005_1_0080.png,5
016_1_0038_1_j.png,16
002_1_0003_1_j.png,2
054_0066_j.png,54
011_1_0030.png,11
028_0116.png,28
028_1_0213.png,28
035_1_0007.png,35
014_0060.png,14
012_0007_j.png,12
029_0006_j.png,29
054_0053_j.png,54
007_1_0064.png,7
000_1_0015.png,0
005_0012.png,5
043_1_0002_1_j.png,43
002_0031.png,2
026_0049_j.png,26
043_1_0018_1_j.png,43
055_0047.png,55
037_1_0013.png,37
007_0040.png,7
042_1_0011_1_j.png,42
010_0017.png,10
002_0026.png,2
028_1_0209.png,28
010_0030.png,10
017_1_0008_1_j.png,17
011_1_0019.png,11
002_1_0013.png,2
054_0080_j.png,54
011_0041.png,11
043_0025.png,43
035_1_0019_1_j.png,35
016_0056.png,16
028_1_0212.png,28
011_1_0034.png,11
005_0058.png,5
003_0016.png,3
028_1_0166.png,28
026_1_0045.png,26
055_1_0008_1_j.png,55
005_1_0033.png,5
000_1_0056.png,0
056_0042.png,56
026_1_0058.png,26
055_0031.png,55
016_1_0035.png,16
036_0004.png,36
011_1_0015_1_j.png,11
028_0005_j.png,28
024_0032.png,24
054_0044.png,54
054_1_0061.png,54
005_0013_j.png,5
035_0057.png,35
026_0051.png,26
026_1_0060_1_j.png,26
016_0010_j.png,16
007_1_0072.png,7
014_0038.png,14
014_0055.png,14
013_1_0022_1_j.png,13
043_1_0025_1_j.png,43
054_0146.png,54
030_0007_j.png,30
049_0010_j.png,49
002_1_0033.png,2
028_0166.png,28
035_1_0025_1_j.png,35
056_0029.png,56
040_1_0002_1_j.png,40
035_1_0030.png,35
016_1_0004.png,16
002_1_0016.png,2
054_0018.png,54
023_1_0001_1_j.png,23
011_0015_j.png,11
054_0093.png,54
030_0028.png,30
043_0030.png,43
023_0001.png,23
054_0024.png,54
015_0002.png,15
014_1_0004.png,14
038_1_0019_1_j.png,38
017_1_0006_1_j.png,17
007_1_0068.png,7
026_0048_j.png,26
037_0006_j.png,37
004_1_0045.png,4
054_0096.png,54
057_0002.png,57
026_1_0039.png,26
052_0003_j.png,52
028_1_0174.png,28
024_1_0016.png,24
029_0004.png,29
037_0013_j.png,37
028_1_0027.png,28
000_1_0036.png,0
030_0018_j.png,30
028_0111.png,28
024_1_0008.png,24
028_1_0204.png,28
012_1_0001_1_j.png,12
011_1_0015.png,11
031_0010.png,31
042_0013_j.png,42
028_0164.png,28
002_1_0026.png,2
043_0049.png,43
031_0006_j.png,31
000_1_0029.png,0
003_1_0021.png,3
003_1_0068.png,3
002_1_0016.png,2
017_1_0004.png,17
002_0035.png,2
030_1_0046.png,30
028_1_0172.png,28
055_1_0034.png,55
002_1_0014.png,2
010_0003_j.png,10
024_1_0004_1_j.png,24
035_1_0016_1_j.png,35
007_1_0002.png,7
028_0022_j.png,28
003_0032.png,3
056_0005.png,56
056_0024.png,56
007_1_0040.png,7
043_0022.png,43
039_1_0002.png,39
055_0050.png,55
003_0020.png,3
039_0014_j.png,39
028_0002_j.png,28
024_1_0042.png,24
013_0011.png,13
004_0044.png,4
030_0016.png,30
017_1_0037.png,17
014_0062.png,14
026_0034.png,26
026_0011.png,26
011_0035.png,11
005_1_0006.png,5
017_1_0010.png,17
002_0007.png,2
002_1_0006_1_j.png,2
054_0105.png,54
026_1_0030.png,26
016_1_0017_1_j.png,16
028_0020.png,28
037_0008.png,37
056_1_0013_1_j.png,56
003_1_0111.png,3
016_0067.png,16
001_1_0001.png,1
005_0015.png,5
005_1_0052.png,5
055_1_0080.png,55
049_1_0019.png,49
042_0011_j.png,42
028_0082.png,28
013_1_0043.png,13
005_0007_j.png,5
030_0015.png,30
054_0103.png,54
004_0005_j.png,4
028_1_0198.png,28
043_0027_j.png,43
003_1_0038.png,3
013_0030_j.png,13
031_0002.png,31
011_1_0064.png,11
054_0081_j.png,54
013_1_0004.png,13
022_0007_j.png,22
015_1_0006_1_j.png,15
002_0008_j.png,2
003_0044.png,3
030_0046.png,30
055_1_0019.png,55
024_1_0006.png,24
003_0015_j.png,3
043_0059.png,43
003_1_0089.png,3
005_0086.png,5
043_1_0023_1_j.png,43
039_0011.png,39
028_1_0030.png,28
039_1_0010.png,39
028_1_0133.png,28
003_1_0005_1_j.png,3
003_0058.png,3
028_1_0047.png,28
011_1_0024_1_j.png,11
052_1_0002.png,52
035_1_0021_1_j.png,35
006_0002_j.png,6
028_0185.png,28
006_1_0016.png,6
024_0010.png,24
056_1_0007_1_j.png,56
002_0018.png,2
042_1_0009.png,42
028_0015.png,28
026_0027_j.png,26
011_1_0043_1_j.png,11
001_0004_j.png,1
054_1_0004_1_j.png,54
006_1_0019.png,6
003_1_0115.png,3
003_1_0052.png,3
035_0007.png,35
029_1_0011_1_j.png,29
005_0067.png,5
003_0046.png,3
035_1_0032.png,35
028_0055.png,28
002_0015.png,2
030_1_0068.png,30
007_1_0057.png,7
005_0066.png,5
026_0035.png,26
043_0029.png,43
014_1_0026.png,14
026_0016.png,26
028_0181.png,28
047_0003.png,47
026_0020_j.png,26
014_0042.png,14
022_0004_j.png,22
010_1_0018.png,10
044_0005_j.png,44
037_0008_j.png,37
044_1_0004.png,44
037_0010_j.png,37
035_0048.png,35
007_1_0019_1_j.png,7
003_1_0100.png,3
035_0018.png,35
043_0026_j.png,43
030_0042.png,30
029_0010.png,29
030_1_0064.png,30
003_1_0108.png,3
050_1_0003.png,50
010_0028_j.png,10
017_1_0005.png,17
013_0018_j.png,13
024_0002.png,24
023_0001_j.png,23
009_0001.png,9
013_1_0003_1_j.png,13
012_1_0033.png,12
007_0010.png,7
005_1_0014_1_j.png,5
036_0005.png,36
011_0062.png,11
055_0041.png,55
026_0045.png,26
011_1_0053_1_j.png,11
005_1_0027.png,5
011_1_0060.png,11
001_0006_j.png,1
011_1_0010.png,11
054_1_0139.png,54
056_1_0010_1_j.png,56
046_1_0007_1_j.png,46
028_1_0124.png,28
054_0032.png,54
043_0044.png,43
043_1_0049.png,43
007_0031.png,7
026_1_0005.png,26
005_1_0041.png,5
007_0034.png,7
002_0024.png,2
013_0048.png,13
036_0011.png,36
028_0061.png,28
015_1_0002.png,15
049_1_0017.png,49
054_1_0009_1_j.png,54
024_0031.png,24
040_1_0014.png,40
003_0074.png,3
037_0024.png,37
011_1_0035_1_j.png,11
028_1_0067.png,28
028_0167.png,28
021_1_0008.png,21
003_1_0119.png,3
005_0023_j.png,5
004_0021.png,4
012_1_0023.png,12
014_0003.png,14
035_0009_j.png,35
016_1_0008.png,16
046_0004.png,46
035_1_0013.png,35
043_0050.png,43
054_0087.png,54
054_0073_j.png,54
002_1_0010_1_j.png,2
014_0005.png,14
040_1_0006.png,40
003_1_0098.png,3
010_0019.png,10
013_0004.png,13
054_1_0130.png,54
016_0032.png,16
056_1_0048.png,56
005_0019_j.png,5
017_0013_j.png,17
030_0048.png,30
036_1_0002.png,36
011_1_0021.png,11
026_0064_j.png,26
035_0055.png,35
028_1_0111.png,28
044_0008.png,44
049_0016_j.png,49
004_0024.png,4
004_0028.png,4
003_1_0006.png,3
037_1_0014.png,37
054_0014.png,54
008_0006_j.png,8
002_0001.png,2
007_0056.png,7
000_0007.png,0
016_0043.png,16
003_1_0064.png,3
001_1_0019.png,1
056_1_0017_1_j.png,56
004_0008.png,4
046_1_0008_1_j.png,46
035_1_0050.png,35
056_0025.png,56
007_1_0038.png,7
007_0036.png,7
027_1_0007.png,27
017_0042.png,17
007_0019.png,7
014_1_0042.png,14
024_1_0031.png,24
050_1_0013.png,50
041_0004_j.png,41
017_0042.png,17
034_0011.png,34
054_1_0152.png,54
002_1_0002.png,2
003_0027_j.png,3
039_0003_j.png,39
056_1_0029.png,56
056_1_0004.png,56
034_1_0004.png,34
054_0150.png,54
005_1_0093.png,5
014_1_0006.png,14
021_1_0006.png,21
011_1_0007.png,11
003_0023.png,3
038_1_0013_1_j.png,38
037_0007.png,37
026_1_0064_1_j.png,26
054_1_0129.png,54
011_1_0003_1_j.png,11
049_1_0013_1_j.png,49
007_0015_j.png,7
003_0105.png,3
016_0037.png,16
056_1_0013.png,56
014_0029.png,14
054_0036.png,54
056_0037.png,56
013_1_0027_1_j.png,13
034_0004.png,34
005_0038.png,5
054_0104.png,54
039_1_0006.png,39
026_1_0036.png,26
054_1_0081.png,54
049_1_0001_1_j.png,49
011_0061.png,11
054_1_0091.png,54
039_0016.png,39
039_1_0005_1_j.png,39
046_1_0001_1_j.png,46
013_1_0011.png,13
017_0061.png,17
035_0007_j.png,35
028_1_0217.png,28
000_1_0032.png,0
017_0039.png,17
054_1_0149.png,54
024_0016.png,24
012_1_0029.png,12
024_0002_j.png,24
002_0028.png,2
030_1_0073.png,30
035_1_0046.png,35
026_0036.png,26
012_0028.png,12
017_1_0052.png,17
038_0001.png,38
028_1_0058.png,28
054_1_0034_1_j.png,54
034_1_0009.png,34
005_0034.png,5
008_0007_j.png,8
035_1_0021.png,35
023_0005.png,23
000_1_0049.png,0
035_0003_j.png,35
026_1_0023.png,26
002_0005.png,2
056_0013_j.png,56
050_0005.png,50
003_0011_j.png,3
024_0015.png,24
005_1_0007.png,5
003_0063.png,3
005_1_0010.png,5
054_1_0157.png,54
026_1_0021.png,26
017_0027.png,17
013_1_0018_1_j.png,13
003_1_0126.png,3
029_0002.png,29
017_0014.png,17
037_1_0024.png,37
027_1_0006.png,27
007_0048.png,7
006_1_0004.png,6
004_1_0026_1_j.png,4
017_0015.png,17
047_0005_j.png,47
050_0008.png,50
054_1_0013.png,54
054_1_0135.png,54
006_1_0018.png,6
030_1_0003_1_j.png,30
055_0029.png,55
016_0022_j.png,16
017_0046.png,17
016_1_0018_1_j.png,16
055_0024_j.png,55
002_1_0018.png,2
011_0008_j.png,11
010_0018_j.png,10
054_1_0161.png,54
057_1_0001_1_j.png,57
010_0018.png,10
011_1_0048_1_j.png,11
056_0011_j.png,56
052_0009.png,52
043_1_0031.png,43
004_0010_j.png,4
013_0006.png,13
054_0079.png,54
003_0099.png,3
028_1_0069.png,28
003_1_0125.png,3
054_1_0042_1_j.png,54
005_0011.png,5
041_1_0002.png,41
004_0027.png,4
006_1_0036.png,6
016_1_0047.png,16
054_1_0096.png,54
003_0020_j.png,3
010_1_0009_1_j.png,10
050_1_0003_1_j.png,50
043_0051.png,43
029_1_0012.png,29
003_0112.png,3
037_1_0018.png,37
028_1_0089.png,28
017_0018_j.png,17
028_0125.png,28
024_0007.png,24
004_0018.png,4
012_1_0024.png,12
003_0039.png,3
039_1_0015_1_j.png,39
055_1_0070.png,55
003_0027.png,3
017_1_0028.png,17
028_0014_j.png,28
039_1_0016.png,39
028_0216.png,28
013_1_0045.png,13
039_1_0005.png,39
028_0122.png,28
003_0076.png,3
054_1_0016_1_j.png,54
028_0045.png,28
054_1_0113.png,54
055_1_0005_1_j.png,55
015_0007_j.png,15
003_1_0071.png,3
035_1_0037.png,35
006_1_0021.png,6
035_0059.png,35
028_1_0004_1_j.png,28
031_0007_j.png,31
007_0045.png,7
028_1_0037.png,28
054_1_0041_1_j.png,54
003_1_0011_1_j.png,3
022_0004.png,22
005_0025.png,5
016_0034.png,16
003_0083.png,3
048_0002.png,48
007_0041.png,7
037_0023.png,37
007_1_0015.png,7
054_0130.png,54
043_1_0011.png,43
026_0053.png,26
044_0010.png,44
054_0129.png,54
008_1_0008_1_j.png,8
054_1_0103.png,54
029_1_0001.png,29
038_1_0014_1_j.png,38
026_0057.png,26
005_0031.png,5
054_0099.png,54
035_1_0074.png,35
013_1_0009.png,13
037_1_0012_1_j.png,37
011_0050.png,11
050_0001_j.png,50
027_0004_j.png,27
035_0008.png,35
004_0042.png,4
030_0008_j.png,30
013_0021_j.png,13
028_1_0060.png,28
007_0014.png,7
007_0025.png,7
022_0006_j.png,22
055_0023.png,55
003_1_0075.png,3
038_1_0002_1_j.png,38
003_1_0113.png,3
007_0016_j.png,7
043_0046.png,43
007_0006.png,7
027_1_0012_1_j.png,27
054_0018_j.png,54
043_1_0022.png,43
011_1_0038_1_j.png,11
003_0035.png,3
014_0041.png,14
005_0040.png,5
027_0006_j.png,27
003_0007.png,3
026_1_0052.png,26
046_1_0002_1_j.png,46
017_0025.png,17
011_1_0032_1_j.png,11
026_0019.png,26
006_1_0008.png,6
001_1_0006_1_j.png,1
054_1_0032_1_j.png,54
030_1_0043.png,30
043_1_0025.png,43
002_1_0017.png,2
054_1_0035.png,54
034_1_0001.png,34
031_0008.png,31
035_0036.png,35
049_1_0016.png,49
043_0029_j.png,43
014_1_0018.png,14
016_0024.png,16
005_0072.png,5
026_0060_j.png,26
054_0066.png,54
043_1_0035_1_j.png,43
015_1_0004_1_j.png,15
007_0050.png,7
005_1_0024_1_j.png,5
016_0027.png,16
042_1_0012_1_j.png,42
028_1_0033.png,28
026_1_0042.png,26
026_1_0058_1_j.png,26
011_0066.png,11
015_0019.png,15
017_1_0043.png,17
057_1_0002_1_j.png,57
028_1_0001.png,28
035_0012.png,35
014_0003_j.png,14
054_1_0089.png,54
010_0027_j.png,10
028_1_0100.png,28
011_0004.png,11
056_0008_j.png,56
026_1_0062.png,26
026_0056_j.png,26
007_1_0007_1_j.png,7
014_1_0007.png,14
002_0001_j.png,2
014_1_0019.png,14
052_1_0005.png,52
012_0016.png,12
028_0090.png,28
011_1_0011.png,11
049_0002.png,49
013_1_0047.png,13
035_1_0018.png,35
005_0011_j.png,5
003_1_0057.png,3
037_0001_j.png,37
001_1_0007.png,1
054_0032_j.png,54
003_0009.png,3
050_1_0005.png,50
043_0033.png,43
039_0001_j.png,39
004_1_0020_1_j.png,4
017_0019_j.png,17
022_0003.png,22
001_1_0007_1_j.png,1
004_1_0031.png,4
043_1_0019.png,43
007_0066.png,7
035_1_0045.png,35
035_1_0024.png,35
026_1_0049_1_j.png,26
030_0013.png,30
004_1_0018_1_j.png,4
043_1_0055.png,43
035_1_0010.png,35
054_1_0037_1_j.png,54
007_1_0008.png,7
043_1_0024_1_j.png,43
014_0063.png,14
003_1_0040.png,3
011_1_0016.png,11
017_0027_j.png,17
048_0003.png,48
054_0148.png,54
014_1_0013.png,14
004_0004_j.png,4
012_0024.png,12
003_0110.png,3
026_0037_j.png,26
017_1_0021.png,17
054_1_0055_1_j.png,54
046_0006.png,46
027_0007.png,27
006_1_0033.png,6
003_1_0094.png,3
028_0155.png,28
047_0001.png,47
056_1_0045.png,56
014_1_0048.png,14
007_0013_j.png,7
030_0003_j.png,30
000_0054.png,0
026_0060.png,26
043_1_0008.png,43
028_0020_j.png,28
026_1_0030_1_j.png,26
054_0011_j.png,54
026_1_0047.png,26
014_1_0030.png,14
011_1_0062.png,11
038_1_0004.png,38
013_1_0001_1_j.png,13
054_1_0044_1_j.png,54
017_1_0015.png,17
041_1_0001_1_j.png,41
021_1_0002_1_j.png,21
035_0021_j.png,35
043_1_0021_1_j.png,43
055_0068.png,55
030_0045.png,30
035_1_0022_1_j.png,35
011_0032_j.png,11
028_0054.png,28
028_0187.png,28
035_0025_j.png,35
038_1_0001_1_j.png,38
021_0003.png,21
002_1_0002_1_j.png,2
056_0001.png,56
005_1_0087.png,5
028_1_0028.png,28
005_1_0049.png,5
016_0017.png,16
000_0032.png,0
000_0051.png,0
002_1_0037.png,2
028_0014.png,28
013_1_0019_1_j.png,13
017_0034.png,17
016_0013.png,16
004_1_0024_1_j.png,4
016_1_0054.png,16
056_1_0051.png,56
057_1_0001.png,57
003_1_0127.png,3
012_1_0036.png,12
017_0005_j.png,17
000_1_0008.png,0
043_1_0036.png,43
000_0040.png,0
017_1_0042.png,17
017_0024_j.png,17
004_0019_j.png,4
005_0014.png,5
030_0010.png,30
031_0001.png,31
011_0039_j.png,11
022_1_0001.png,22
002_1_0031.png,2
011_0008.png,11
028_1_0101.png,28
038_1_0013.png,38
043_0022_j.png,43
014_1_0046.png,14
020_0002.png,20
012_1_0003.png,12
035_0047.png,35
031_1_0008_1_j.png,31
055_0075.png,55
055_1_0036.png,55
001_0003.png,1
033_0002.png,33
038_0005_j.png,38
026_1_0063_1_j.png,26
016_0044.png,16
017_1_0014.png,17
016_1_0014.png,16
052_1_0004_1_j.png,52
028_0169.png,28
026_1_0037.png,26
054_1_0145.png,54
003_1_0012_1_j.png,3
005_1_0012.png,5
014_0051.png,14
016_1_0038.png,16
004_0022.png,4
026_0008.png,26
052_1_0003_1_j.png,52
021_0005.png,21
024_1_0012.png,24
043_1_0042.png,43
035_0002.png,35
055_1_0021.png,55
014_1_0022.png,14
035_0052.png,35
030_1_0008.png,30
000_1_0022.png,0
049_0004_j.png,49
056_1_0019_1_j.png,56
000_1_0023.png,0
003_1_0039.png,3
049_1_0003.png,49
027_0012.png,27
004_1_0030_1_j.png,4
016_1_0012.png,16
012_0023.png,12
000_1_0001_1_j.png,0
038_1_0003.png,38
017_1_0055.png,17
012_1_0008_1_j.png,12
011_0002_j.png,11
007_1_0024.png,7
010_0031_j.png,10
005_1_0056.png,5
047_1_0004_1_j.png,47
003_1_0024_1_j.png,3
028_0215.png,28
025_0002.png,25
030_0041.png,30
004_0036.png,4
043_0034.png,43
054_0158.png,54
054_0147.png,54
049_0020_j.png,49
017_0052.png,17
011_0006.png,11
031_0006.png,31
000_1_0005_1_j.png,0
001_0018.png,1
054_1_0045.png,54
007_1_0002_1_j.png,7
024_1_0014.png,24
053_1_0001.png,53
030_1_0001_1_j.png,30
056_0016_j.png,56
007_0055.png,7
000_1_0057.png,0
011_0059.png,11
007_0003_j.png,7
024_0047.png,24
012_0041.png,12
038_1_0005_1_j.png,38
056_0018.png,56
010_1_0022.png,10
010_0024_j.png,10
016_1_0011.png,16
052_0004.png,52
043_0048.png,43
028_0139.png,28
028_0210.png,28
005_1_0026_1_j.png,5
028_0200.png,28
028_0093.png,28
004_1_0004_1_j.png,4
016_0010.png,16
031_0020.png,31
031_1_0018.png,31
017_1_0001.png,17
021_1_0004.png,21
028_1_0044.png,28
028_1_0018.png,28
003_1_0061.png,3
011_1_0038.png,11
011_1_0020.png,11
013_1_0041.png,13
054_1_0068.png,54
005_1_0020_1_j.png,5
013_1_0012_1_j.png,13
016_1_0019.png,16
054_0137.png,54
007_1_0060.png,7
003_1_0063.png,3
000_0044.png,0
054_0051_j.png,54
043_0012.png,43
002_0012_j.png,2
015_0017.png,15
028_0161.png,28
026_0040_j.png,26
003_0060.png,3
011_1_0027.png,11
026_1_0049.png,26
013_1_0004_1_j.png,13
003_0128.png,3
004_0013_j.png,4
050_0006.png,50
028_1_0090.png,28
012_1_0020.png,12
030_1_0009.png,30
028_1_0018_1_j.png,28
043_0011.png,43
000_0049.png,0
004_1_0015_1_j.png,4
006_1_0012.png,6
011_1_0016_1_j.png,11
043_1_0032.png,43
007_0060.png,7
055_0020.png,55
011_1_0023.png,11
028_0203.png,28
025_1_0001.png,25
012_0021.png,12
026_0055_j.png,26
056_1_0023.png,56
006_0011_j.png,6
017_0059.png,17
055_1_0026_1_j.png,55
005_0084.png,5
003_1_0101.png,3
027_1_0008_1_j.png,27
037_1_0011_1_j.png,37
030_1_0004_1_j.png,30
002_0008.png,2
005_1_0061.png,5
043_1_0002.png,43
004_0011.png,4
015_1_0010.png,15
003_0016_j.png,3
028_0051.png,28
017_0049.png,17
016_0069.png,16
034_0001_j.png,34
046_1_0002.png,46
056_0048.png,56
054_0012_j.png,54
054_1_0051_1_j.png,54
031_1_0015.png,31
016_0016.png,16
044_0004_j.png,44
054_1_0150.png,54
028_0050.png,28
016_0004_j.png,16
028_0052.png,28
046_1_0009_1_j.png,46
055_0003.png,55
006_0022.png,6
006_1_0013.png,6
054_1_0057_1_j.png,54
004_1_0030.png,4
028_1_0159.png,28
004_1_0008_1_j.png,4
003_1_0070.png,3
026_0011_j.png,26
020_0008.png,20
017_0013.png,17
007_1_0020.png,7
016_1_0060.png,16
012_1_0005.png,12
016_1_0005_1_j.png,16
010_0020_j.png,10
028_0013.png,28
013_1_0006_1_j.png,13
003_0094.png,3
038_1_0011.png,38
000_1_0014.png,0
011_0014.png,11
054_0157.png,54
011_1_0057.png,11
041_1_0005.png,41
026_0061_j.png,26
012_0044.png,12
035_1_0018_1_j.png,35
014_0040.png,14
054_0028.png,54
042_0006_j.png,42
026_1_0027.png,26
024_1_0035.png,24
006_0012.png,6
054_1_0025_1_j.png,54
003_1_0074.png,3
031_0005.png,31
030_0036.png,30
003_0032.png,3
026_1_0016.png,26
013_0006_j.png,13
035_1_0019.png,35
000_0031.png,0
052_0008_j.png,52
028_1_0188.png,28
035_1_0023.png,35
003_0036.png,3
005_1_0046.png,5
011_1_0042_1_j.png,11
002_0012.png,2
010_0034.png,10
035_0023.png,35
013_0020_j.png,13
005_0083.png,5
054_0141.png,54
007_0012.png,7
035_1_0002_1_j.png,35
055_1_0011.png,55
035_0070.png,35
035_0010.png,35
005_1_0078.png,5
011_0065.png,11
054_1_0023.png,54
003_0085.png,3
042_1_0007.png,42
028_1_0025.png,28
004_0016_j.png,4
024_1_0049.png,24
012_1_0006_1_j.png,12
011_0047.png,11
030_1_0003.png,30
056_1_0019.png,56
049_1_0001.png,49
007_1_0035.png,7
003_0039.png,3
005_0004_j.png,5
055_1_0021_1_j.png,55
011_0051_j.png,11
034_1_0005.png,34
011_1_0044.png,11
030_1_0005_1_j.png,30
055_1_0024_1_j.png,55
005_1_0003_1_j.png,5
054_0037_j.png,54
003_0005.png,3
054_0114.png,54
028_0178.png,28
056_1_0018_1_j.png,56
046_1_0004.png,46
028_1_0194.png,28
054_0088.png,54
014_1_0062.png,14
026_1_0043_1_j.png,26
006_0007_j.png,6
028_0073.png,28
011_1_0029.png,11
055_1_0068.png,55
054_0027_j.png,54
052_1_0016.png,52
028_0030_j.png,28
042_1_0016_1_j.png,42
034_0001.png,34
003_1_0033.png,3
026_0010_j.png,26
003_1_0017_1_j.png,3
056_0012.png,56
026_0025.png,26
040_1_0005_1_j.png,40
017_1_0063.png,17
005_0063.png,5
054_1_0026.png,54
043_0023_j.png,43
024_0038.png,24
054_1_0120.png,54
054_1_0043_1_j.png,54
002_0007_j.png,2
052_1_0012.png,52
007_0002.png,7
014_0001_j.png,14
016_1_0043.png,16
000_1_0033.png,0
056_1_0015.png,56
052_0011.png,52
043_1_0037.png,43
004_1_0002_1_j.png,4
031_0014.png,31
026_0028_j.png,26
008_0001_j.png,8
031_0003_j.png,31
055_0028.png,55
010_1_0028.png,10
030_0053.png,30
006_0021.png,6
055_0014_j.png,55
044_1_0013_1_j.png,44
054_1_0132.png,54
049_0021_j.png,49
054_1_0060_1_j.png,54
003_1_0025.png,3
006_1_0007_1_j.png,6
051_0003_j.png,51
035_1_0053.png,35
010_0028.png,10
029_1_0001_1_j.png,29
028_0091.png,28
026_0041.png,26
044_0002.png,44
012_0026.png,12
003_0062.png,3
007_0035.png,7
028_0018.png,28
055_0033.png,55
014_0009.png,14
055_1_0035.png,55
038_0003.png,38
030_1_0072.png,30
056_1_0026.png,56
011_1_0041.png,11
049_0003_j.png,49
056_0009_j.png,56
014_0052.png,14
050_1_0009_1_j.png,50
005_1_0006_1_j.png,5
030_1_0031.png,30
054_0074.png,54
010_1_0021.png,10
054_1_0055.png,54
043_0014_j.png,43
004_1_0010_1_j.png,4
050_1_0014.png,50
054_1_0134.png,54
029_1_0008.png,29
055_0013_j.png,55
002_0014.png,2
002_0036.png,2
042_0002.png,42
011_1_0009.png,11
026_0052_j.png,26
013_0043.png,13
040_0008.png,40
044_0009_j.png,44
050_1_0008_1_j.png,50
046_0008_j.png,46
003_1_0056.png,3
028_0010_j.png,28
013_1_0009_1_j.png,13
028_1_0169.png,28
043_1_0004.png,43
054_0044_j.png,54
028_0033_j.png,28
052_0002.png,52
003_1_0011.png,3
028_1_0086.png,28
005_1_0044.png,5
030_1_0006_1_j.png,30
007_0053.png,7
014_1_0037.png,14
036_1_0002_1_j.png,36
026_0006_j.png,26
003_0126.png,3
024_0009.png,24
054_0007_j.png,54
017_0006.png,17
014_0049.png,14
003_1_0109.png,3
013_1_0016.png,13
040_1_0001_1_j.png,40
013_0031_j.png,13
006_0005_j.png,6
031_1_0004_1_j.png,31
001_1_0017.png,1
015_0009.png,15
007_1_0023.png,7
008_0002_j.png,8
035_1_0060.png,35
036_0007.png,36
030_1_0042.png,30
006_0006_j.png,6
023_0006.png,23
013_1_0017_1_j.png,13
054_1_0107.png,54
054_0153.png,54
026_0026_j.png,26
016_0019_j.png,16
054_1_0016.png,54
046_0006_j.png,46
026_0012_j.png,26
028_1_0026.png,28
000_0013.png,0
014_1_0029.png,14
035_0006.png,35
054_0085.png,54
035_1_0069.png,35
026_1_0032_1_j.png,26
052_1_0011.png,52
028_0007_j.png,28
011_1_0004_1_j.png,11
024_1_0021.png,24
028_1_0130.png,28
026_1_0028_1_j.png,26
026_0068_j.png,26
037_1_0022.png,37
004_1_0002.png,4
017_0044.png,17
016_0036_j.png,16
046_0005.png,46
028_1_0016.png,28
055_0037.png,55
038_0004_j.png,38
010_0029_j.png,10
027_1_0001.png,27
014_1_0009.png,14
051_1_0001.png,51
002_0038.png,2
016_0061.png,16
005_1_0095.png,5
017_1_0013_1_j.png,17
014_1_0052.png,14
011_1_0050.png,11
005_0042.png,5
027_1_0007_1_j.png,27
002_0004.png,2
027_0001.png,27
005_0096.png,5
026_0044_j.png,26
048_1_0001_1_j.png,48
026_1_0001_1_j.png,26
005_1_0017.png,5
056_1_0047.png,56
007_0003.png,7
000_0042.png,0
005_1_0040.png,5
055_1_0025_1_j.png,55
054_0077.png,54
014_0013.png,14
028_0165.png,28
028_0092.png,28
010_1_0010.png,10
030_1_0024.png,30
024_1_0007_1_j.png,24
026_1_0002_1_j.png,26
028_0025.png,28
035_1_0003.png,35
028_1_0149.png,28
005_0029.png,5
052_0001.png,52
010_0014.png,10
026_0009_j.png,26
054_1_0117.png,54
036_0017.png,36
014_1_0039.png,14
054_0014_j.png,54
028_1_0211.png,28
054_0045.png,54
030_0064.png,30
000_1_0010.png,0
030_1_0012.png,30
011_0009.png,11
003_1_0028_1_j.png,3
003_0029_j.png,3
030_1_0018_1_j.png,30
014_1_0001.png,14
030_0043.png,30
006_0015_j.png,6
016_1_0059.png,16
024_1_0014.png,24
011_1_0018.png,11
050_0002_j.png,50
054_1_0028.png,54
043_1_0038.png,43
043_1_0006.png,43
049_1_0009.png,49
028_0174.png,28
026_0063_j.png,26
014_1_0020.png,14
011_0067.png,11
004_0026.png,4
046_0003.png,46
016_0006_j.png,16
010_0026_j.png,10
010_1_0016_1_j.png,10
049_1_0014_1_j.png,49
054_0094.png,54
030_0004_j.png,30
054_1_0087.png,54
055_0052.png,55
054_1_0142.png,54
015_0003_j.png,15
000_0025.png,0
000_0001.png,0
003_1_0013.png,3
011_0057.png,11
011_1_0014_1_j.png,11
007_1_0061.png,7
037_1_0004.png,37
034_1_0006.png,34
014_0023.png,14
024_0001_j.png,24
030_0001_j.png,30
028_1_0014_1_j.png,28
034_0010.png,34
028_1_0185.png,28
013_0003_j.png,13
043_0010.png,43
028_0034.png,28
010_1_0007_1_j.png,10
030_0071.png,30
005_1_0015.png,5
039_1_0014.png,39
039_0011_j.png,39
055_1_0039.png,55
026_0016_j.png,26
024_0013.png,24
006_1_0008_1_j.png,6
054_1_0123.png,54
011_0053_j.png,11
001_1_0005_1_j.png,1
054_0079_j.png,54
005_0021_j.png,5
036_1_0004.png,36
026_0022.png,26
003_0107.png,3
005_0069.png,5
010_0004_j.png,10
011_0026.png,11
012_1_0042.png,12
016_1_0044.png,16
035_0028.png,35
030_1_0010.png,30
046_0004_j.png,46
037_0021.png,37
015_0009_j.png,15
026_0051_j.png,26
016_0055.png,16
056_0014_j.png,56
056_1_0022.png,56
054_1_0020.png,54
047_0005.png,47
027_0001_j.png,27
028_0108.png,28
002_1_0011.png,2
056_1_0040.png,56
027_1_0009.png,27
017_0060.png,17
026_1_0065_1_j.png,26
036_0004.png,36
054_1_0108.png,54
055_0015_j.png,55
026_1_0003.png,26
054_0078.png,54
005_1_0084.png,5
000_0048.png,0
050_0005_j.png,50
014_1_0003_1_j.png,14
007_1_0045.png,7
004_0006.png,4
054_0149.png,54
005_0013.png,5
024_0043.png,24
043_0033_j.png,43
027_0006.png,27
001_1_0009.png,1
016_0029.png,16
039_0003.png,39
028_1_0150.png,28
007_1_0046.png,7
054_1_0081_1_j.png,54
037_0020.png,37
003_0055.png,3
004_0040.png,4
013_1_0046.png,13
054_1_0070.png,54
028_1_0138.png,28
022_1_0004.png,22
007_1_0022_1_j.png,7
016_1_0050.png,16
026_1_0035.png,26
035_1_0066.png,35
056_0043.png,56
032_0001.png,32
049_0018.png,49
015_0015.png,15
024_1_0020.png,24
003_1_0060.png,3
037_1_0007_1_j.png,37
007_1_0030.png,7
016_0047.png,16
012_0010.png,12
054_0031_j.png,54
017_1_0006.png,17
036_0002.png,36
038_0007_j.png,38
055_0006.png,55
054_1_0041.png,54
004_0018_j.png,4
054_0070.png,54
031_1_0020.png,31
043_1_0027_1_j.png,43
010_0024.png,10
005_0001_j.png,5
026_1_0020_1_j.png,26
032_0003.png,32
030_0059.png,30
017_1_0056.png,17
055_1_0059.png,55
022_0002.png,22
004_1_0034.png,4
007_0002_j.png,7
031_1_0003_1_j.png,31
054_1_0088.png,54
026_1_0034_1_j.png,26
003_1_0038.png,3
049_0022_j.png,49
035_1_0024_1_j.png,35
035_0022.png,35
007_0074.png,7
007_0019_j.png,7
028_0085.png,28
017_1_0040.png,17
005_0016_j.png,5
056_1_0046.png,56
002_0023.png,2
039_1_0013.png,39
026_1_0056.png,26
005_1_0004.png,5
007_0008_j.png,7
005_1_0074.png,5
038_0010_j.png,38
043_0014.png,43
005_0082.png,5
028_0141.png,28
056_0006_j.png,56
040_1_0005.png,40
043_0039.png,43
007_1_0018.png,7
013_1_0007_1_j.png,13
054_1_0148.png,54
016_1_0007.png,16
048_1_0003_1_j.png,48
030_1_0033.png,30
013_1_0034.png,13
003_1_0021_1_j.png,3
016_0021_j.png,16
003_0091.png,3
014_0024.png,14
026_1_0039_1_j.png,26
000_1_0048.png,0
040_0009.png,40
004_1_0027_1_j.png,4
054_0063_j.png,54
014_0048.png,14
028_0123.png,28
016_0028_j.png,16
003_1_0059.png,3
055_0009.png,55
006_1_0002.png,6
010_0023.png,10
010_1_0033.png,10
035_0015_j.png,35
004_1_0023_1_j.png,4
003_0006.png,3
007_1_0008_1_j.png,7
028_1_0045.png,28
035_0020_j.png,35
055_1_0052.png,55
016_1_0025_1_j.png,16
011_1_0040.png,11
043_1_0012.png,43
016_0003.png,16
007_1_0011_1_j.png,7
052_0006.png,52
017_1_0022_1_j.png,17
026_0049.png,26
047_1_0003_1_j.png,47
028_0027.png,28
016_0023_j.png,16
033_1_0002.png,33
044_0006.png,44
023_0003.png,23
024_1_0033.png,24
003_0065.png,3
054_0060_j.png,54
024_1_0019.png,24
028_1_0071.png,28
012_0040.png,12
031_0002_j.png,31
054_1_0020_1_j.png,54
005_1_0001.png,5
028_1_0011.png,28
003_0086.png,3
004_1_0025.png,4
028_1_0175.png,28
030_0056.png,30
004_0021_j.png,4
026_0018.png,26
017_0023.png,17
054_0161.png,54
054_0035.png,54
038_0008_j.png,38
004_1_0048.png,4
025_0001.png,25
054_1_0104.png,54
035_0066.png,35
003_0037.png,3
011_1_0056.png,11
043_0011_j.png,43
016_1_0070.png,16
028_0065.png,28
003_1_0077.png,3
030_0034.png,30
044_1_0003_1_j.png,44
054_0054.png,54
002_1_0027.png,2
035_1_0064.png,35
028_0147.png,28
004_1_0015.png,4
003_0012_j.png,3
014_1_0002_1_j.png,14
015_1_0008.png,15
003_0079.png,3
005_1_0030.png,5
004_0008_j.png,4
056_1_0054.png,56
054_0089_j.png,54
040_1_0013.png,40
005_1_0054.png,5
045_1_0012.png,45
003_1_0030.png,3
007_0024.png,7
054_0017.png,54
043_1_0018.png,43
039_1_0002_1_j.png,39
030_0014_j.png,30
042_1_0005.png,42
017_1_0043.png,17
056_0020_j.png,56
017_1_0027_1_j.png,17
054_1_0002.png,54
016_0037_j.png,16
002_0020.png,2
054_1_0053_1_j.png,54
054_0029.png,54
007_1_0005.png,7
037_1_0003_1_j.png,37
006_1_0009_1_j.png,6
028_1_0027_1_j.png,28
028_0162.png,28
035_1_0007_1_j.png,35
026_1_0052_1_j.png,26
028_1_0113.png,28
000_0007_j.png,0
007_0017_j.png,7
055_0015.png,55
035_0058.png,35
011_1_0014.png,11
006_1_0032.png,6
041_1_0004_1_j.png,41
055_0011.png,55
028_1_0096.png,28
037_1_0009_1_j.png,37
017_1_0042.png,17
013_1_0036.png,13
011_0026_j.png,11
028_1_0063.png,28
017_0043.png,17
010_1_0019_1_j.png,10
016_1_0051.png,16
042_0007_j.png,42
016_0057.png,16
014_0045.png,14
006_0020.png,6
033_1_0001.png,33
017_1_0059.png,17
030_1_0001.png,30
004_0017_j.png,4
054_0016.png,54
007_0010_j.png,7
011_1_0022.png,11
008_1_0001.png,8
003_1_0017.png,3
011_0014_j.png,11
006_0002.png,6
028_0056.png,28
028_0222.png,28
049_1_0020_1_j.png,49
055_1_0075.png,55
054_0010.png,54
054_0016_j.png,54
007_0004.png,7
034_0005.png,34
054_1_0138.png,54
052_0012.png,52
043_0009_j.png,43
030_0011_j.png,30
003_0100.png,3
026_1_0018_1_j.png,26
054_1_0012_1_j.png,54
043_1_0040.png,43
005_1_0005_1_j.png,5
030_1_0006.png,30
024_1_0005.png,24
029_1_0004_1_j.png,29
030_0050.png,30
011_1_0006.png,11
054_1_0015.png,54
010_1_0028_1_j.png,10
005_1_0042.png,5
028_1_0076.png,28
035_0015.png,35
052_0017.png,52
035_1_0005_1_j.png,35
030_0007.png,30
055_1_0016.png,55
023_1_0005.png,23
000_1_0053.png,0
005_1_0002.png,5
043_1_0019_1_j.png,43
017_1_0012.png,17
001_0010.png,1
049_0020.png,49
028_0113.png,28
028_1_0034.png,28
006_0014.png,6
044_1_0006.png,44
012_1_0017.png,12
045_0004.png,45
036_1_0012.png,36
015_0004_j.png,15
003_1_0001_1_j.png,3
003_0025_j.png,3
029_1_0017.png,29
005_0093.png,5
002_0032.png,2
016_0008_j.png,16
054_0109.png,54
026_0026.png,26
050_0022.png,50
024_1_0028.png,24
017_1_0032_1_j.png,17
020_0003.png,20
003_1_0050.png,3
011_0021.png,11
013_1_0023_1_j.png,13
017_1_0034.png,17
000_0014.png,0
005_1_0050.png,5
003_1_0037.png,3
041_1_0003_1_j.png,41
054_1_0065_1_j.png,54
011_1_0028_1_j.png,11
016_0050.png,16
004_0045.png,4
012_1_0009.png,12
026_1_0031.png,26
035_0051.png,35
030_1_0061.png,30
039_0005.png,39
005_1_0009.png,5
056_0006.png,56
038_0016_j.png,38
047_1_0006_1_j.png,47
028_1_0029.png,28
054_0133.png,54
007_0073.png,7
030_0052.png,30
010_0012_j.png,10
017_0010.png,17
049_0011.png,49
002_0002_j.png,2
013_1_0037.png,13
030_1_0062.png,30
054_1_0050.png,54
040_0004.png,40
026_1_0034.png,26
049_1_0011_1_j.png,49
028_0213.png,28
001_1_0012.png,1
005_0012_j.png,5
035_1_0034.png,35
012_1_0006.png,12
052_1_0010.png,52
026_1_0059_1_j.png,26
050_0001.png,50
035_0026_j.png,35
056_0021_j.png,56
012_0006_j.png,12
003_0010_j.png,3
024_0030.png,24
028_1_0161.png,28
012_1_0021.png,12
049_0017_j.png,49
016_0001_j.png,16
024_1_0022.png,24
054_0021_j.png,54
005_1_0025.png,5
028_0191.png,28
030_0005.png,30
026_0038.png,26
049_1_0014.png,49
011_0018.png,11
012_0011.png,12
028_0007.png,28
028_1_0025_1_j.png,28
030_0031.png,30
016_0014.png,16
052_0005.png,52
002_1_0038.png,2
003_0021.png,3
007_1_0058.png,7
017_0009_j.png,17
002_1_0017.png,2
039_1_0010_1_j.png,39
056_0039.png,56
026_0056.png,26
010_1_0017.png,10
003_0019_j.png,3
043_0008_j.png,43
007_1_0025_1_j.png,7
024_0045.png,24
054_0052.png,54
011_1_0036_1_j.png,11
024_0027.png,24
004_0029.png,4
014_1_0012.png,14
026_0002_j.png,26
028_1_0171.png,28
054_1_0003.png,54
004_1_0022_1_j.png,4
026_0040.png,26
011_1_0055.png,11
028_0078.png,28
054_0085_j.png,54
055_1_0007.png,55
028_1_0046.png,28
007_1_0025.png,7
055_1_0009.png,55
030_1_0015_1_j.png,30
011_0063.png,11
030_1_0036.png,30
006_0001_j.png,6
003_1_0047.png,3
028_1_0206.png,28
014_1_0034.png,14
054_1_0159.png,54
014_0010.png,14
045_0009.png,45
043_0036.png,43
013_0008.png,13
016_1_0058.png,16
010_1_0008_1_j.png,10
008_1_0001_1_j.png,8
036_1_0001_1_j.png,36
055_1_0009_1_j.png,55
000_0043.png,0
028_1_0215.png,28
007_1_0012.png,7
044_0002_j.png,44
011_0037.png,11
003_1_0028.png,3
026_1_0014_1_j.png,26
016_1_0023_1_j.png,16
040_0005_j.png,40
004_1_0013.png,4
003_0003_j.png,3
047_1_0002_1_j.png,47
003_0119.png,3
004_1_0024.png,4
030_1_0048.png,30
054_1_0069.png,54
016_0022.png,16
029_1_0009.png,29
015_1_0018.png,15
026_1_0003_1_j.png,26
039_1_0011.png,39
054_0084_j.png,54
016_0064.png,16
049_0005.png,49
005_1_0032.png,5
026_1_0026.png,26
014_1_0045.png,14
007_1_0012_1_j.png,7
006_0035.png,6
044_1_0011_1_j.png,44
044_0007.png,44
030_1_0010_1_j.png,30
028_0001.png,28
005_0024.png,5
028_0105.png,28
054_0156.png,54
003_1_0116.png,3
050_0023.png,50
030_0026.png,30
010_0002_j.png,10
028_1_0134.png,28
054_0116.png,54
004_0014.png,4
011_0034_j.png,11
015_1_0012.png,15
043_1_0052.png,43
050_0009_j.png,50
030_0012.png,30
049_0006.png,49
016_0031.png,16
050_1_0006.png,50
004_0003_j.png,4
026_0015.png,26
016_0009_j.png,16
017_1_0033.png,17
002_1_0008_1_j.png,2
026_1_0051.png,26
011_1_0051.png,11
015_0010_j.png,15
043_0052.png,43
052_0015.png,52
039_1_0003.png,39
039_0014.png,39
027_1_0002.png,27
010_1_0024.png,10
026_1_0017_1_j.png,26
030_0035.png,30
002_0024.png,2
056_0004.png,56
010_1_0006.png,10
052_1_0015.png,52
030_0032.png,30
048_0002_j.png,48
054_0008_j.png,54
023_0004.png,23
005_1_0043.png,5
004_0025_j.png,4
021_1_0004_1_j.png,21
050_1_0024.png,50
000_1_0018.png,0
028_1_0079.png,28
054_0098.png,54
012_0035.png,12
026_1_0055_1_j.png,26
054_0008.png,54
024_1_0009.png,24
026_0014.png,26
016_0049.png,16
035_1_0047.png,35
024_1_0024.png,24
050_0025.png,50
034_1_0003_1_j.png,34
055_0044.png,55
005_1_0036.png,5
044_0011.png,44
028_0106.png,28
055_0002.png,55
043_1_0031_1_j.png,43
000_1_0019.png,0
008_1_0006_1_j.png,8
026_0059_j.png,26
043_1_0012_1_j.png,43
055_1_0010_1_j.png,55
044_0003.png,44
013_1_0012.png,13
029_0009.png,29
003_1_0023.png,3
043_0005_j.png,43
028_1_0084.png,28
005_1_0008_1_j.png,5
028_0044.png,28
006_1_0004_1_j.png,6
050_1_0001_1_j.png,50
011_1_0051_1_j.png,11
032_0004_j.png,32
030_0044.png,30
043_1_0030_1_j.png,43
010_0008.png,10
055_0010_j.png,55
043_1_0017_1_j.png,43
038_1_0015_1_j.png,38
035_0073.png,35
003_1_0032.png,3
056_0014.png,56
054_0057.png,54
011_0027.png,11
016_1_0028.png,16
017_0039.png,17
035_1_0003_1_j.png,35
026_0035_j.png,26
028_0115.png,28
028_1_0002_1_j.png,28
004_1_0009_1_j.png,4
017_1_0007.png,17
031_1_0016.png,31
028_1_0137.png,28
026_1_0057_1_j.png,26
012_0036.png,12
037_0002.png,37
028_0013_j.png,28
011_1_0023_1_j.png,11
048_0001.png,48
050_1_0007.png,50
003_0088.png,3
055_0027.png,55
011_0038.png,11
026_0009.png,26
000_0037.png,0
003_0080.png,3
048_1_0002_1_j.png,48
005_0009_j.png,5
004_1_0026.png,4
047_0004_j.png,47
010_1_0030.png,10
049_1_0008.png,49
002_0015.png,2
003_1_0122.png,3
003_1_0045.png,3
054_0080.png,54
026_0066_j.png,26
054_1_0063_1_j.png,54
028_1_0173.png,28
036_1_0003.png,36
007_1_0013_1_j.png,7
024_1_0047.png,24
041_0005_j.png,41
002_1_0028.png,2
026_1_0016_1_j.png,26
011_0001_j.png,11
035_1_0067.png,35
003_1_0016_1_j.png,3
026_1_0013.png,26
043_1_0051.png,43
015_1_0008_1_j.png,15
024_1_0032.png,24
054_0027.png,54
043_0035_j.png,43
005_0007.png,5
005_0024_j.png,5
052_0001_j.png,52
000_1_0001.png,0
004_1_0016.png,4
030_1_0071.png,30
054_1_0005_1_j.png,54
055_0039.png,55
052_1_0014.png,52
017_0062.png,17
028_0006_j.png,28
011_1_0022_1_j.png,11
005_0046.png,5
056_0008.png,56
023_1_0001.png,23
054_0071.png,54
007_0005_j.png,7
016_1_0001_1_j.png,16
014_0054.png,14
003_1_0018.png,3
035_0025.png,35
001_0019.png,1
004_1_0037.png,4
000_0004.png,0
003_0038.png,3
030_0047.png,30
026_1_0017.png,26
056_1_0001.png,56
003_1_0023_1_j.png,3
024_0003_j.png,24
014_1_0054.png,14
028_0120.png,28
056_0032.png,56
055_0017_j.png,55
004_1_0023.png,4
012_1_0011_1_j.png,12
054_1_0069_1_j.png,54
007_0049.png,7
026_1_0032.png,26
005_1_0016.png,5
031_1_0019.png,31
011_0017_j.png,11
017_1_0026.png,17
015_0010.png,15
056_0031.png,56
002_1_0034.png,2
050_1_0017.png,50
011_1_0055_1_j.png,11
055_0004_j.png,55
028_0218.png,28
010_0021_j.png,10
055_1_0078.png,55
054_0020_j.png,54
028_1_0199.png,28
016_1_0015.png,16
028_1_0031_1_j.png,28
049_0004.png,49
026_1_0038_1_j.png,26
017_0041.png,17
024_0034.png,24
030_1_0011_1_j.png,30
054_0065.png,54
017_0012.png,17
054_1_0019_1_j.png,54
028_1_0146.png,28
055_1_0012_1_j.png,55
028_1_0205.png,28
003_1_0120.png,3
012_0029.png,12
003_1_0022.png,3
003_0082.png,3
044_0011_j.png,44
000_1_0052.png,0
043_0016_j.png,43
011_1_0054.png,11
002_1_0026.png,2
035_0067.png,35
012_0012_j.png,12
014_1_0002.png,14
000_0029.png,0
056_0036.png,56
028_0117.png,28
030_1_0041.png,30
011_0062.png,11
032_1_0001.png,32
012_0039.png,12
050_0007_j.png,50
014_1_0010.png,14
005_1_0060.png,5
017_0024.png,17
029_0014_j.png,29
003_0011.png,3
016_0030.png,16
038_1_0014.png,38
016_0003_j.png,16
007_0018.png,7
014_1_0025.png,14
017_0026.png,17
005_0032.png,5
024_1_0002.png,24
004_0002_j.png,4
054_1_0072.png,54
043_1_0016.png,43
022_1_0001_1_j.png,22
012_0031.png,12
005_0054.png,5
016_0026_j.png,16
029_0005.png,29
011_1_0059.png,11
004_1_0017.png,4
050_0004_j.png,50
005_1_0018.png,5
032_0002_j.png,32
055_1_0006_1_j.png,55
005_1_0020.png,5
011_1_0047.png,11
035_1_0017_1_j.png,35
049_1_0004_1_j.png,49
030_1_0067.png,30
023_1_0004.png,23
012_1_0046.png,12
026_1_0025_1_j.png,26
024_1_0044.png,24
050_1_0023.png,50
013_1_0021_1_j.png,13
040_0002.png,40
017_1_0023.png,17
017_0004_j.png,17
017_0036.png,17
013_0045.png,13
011_0054_j.png,11
054_0042_j.png,54
044_1_0007_1_j.png,44
035_0013.png,35
028_1_0168.png,28
028_1_0131.png,28
003_1_0106.png,3
028_0212.png,28
054_0145.png,54
029_0009_j.png,29
037_1_0015.png,37
028_1_0075.png,28
054_1_0034.png,54
003_1_0010.png,3
024_1_0008.png,24
037_0025.png,37
020_0006.png,20
028_0152.png,28
003_1_0069.png,3
013_1_0014.png,13
013_0029_j.png,13
005_1_0055.png,5
040_0005.png,40
024_0020.png,24
024_0021.png,24
014_0005_j.png,14
045_1_0011.png,45
052_0011.png,52
044_0007_j.png,44
007_1_0049.png,7
003_1_0046.png,3
024_0014.png,24
040_0003.png,40
035_0019_j.png,35
056_1_0039.png,56
024_0039.png,24
043_0038.png,43
031_0009.png,31
003_1_0035.png,3
030_0072.png,30
013_0007.png,13
010_1_0024_1_j.png,10
037_1_0021.png,37
003_0042.png,3
014_0004.png,14
005_0036.png,5
003_1_0055.png,3
040_1_0003_1_j.png,40
028_0076.png,28
042_1_0004.png,42
011_0025_j.png,11
015_1_0019.png,15
027_1_0011.png,27
054_0049.png,54
016_1_0016_1_j.png,16
016_1_0005.png,16
030_1_0017_1_j.png,30
043_0031_j.png,43
028_0026_j.png,28
012_0027.png,12
054_1_0158.png,54
006_0030.png,6
011_1_0024.png,11
011_0012_j.png,11
011_1_0008.png,11
028_1_0012_1_j.png,28
028_1_0072.png,28
002_1_0024.png,2
003_1_0024.png,3
056_1_0038.png,56
020_1_0001.png,20
011_1_0039.png,11
055_0053.png,55
003_1_0013_1_j.png,3
039_0004.png,39
010_0009.png,10
026_1_0024_1_j.png,26
017_1_0047.png,17
037_1_0008_1_j.png,37
024_1_0001.png,24
052_1_0001_1_j.png,52
015_0008.png,15
005_0094.png,5
054_1_0079.png,54
016_0015.png,16
028_0138.png,28
005_1_0070.png,5
013_0003.png,13
039_1_0008.png,39
005_0051.png,5
003_1_0019_1_j.png,3
003_0071.png,3
011_1_0027_1_j.png,11
055_1_0033.png,55
038_0015_j.png,38
016_1_0069.png,16
014_0034.png,14
026_1_0050_1_j.png,26
028_1_0070.png,28
012_1_0034.png,12
000_1_0012.png,0
003_0010.png,3
017_1_0061.png,17
004_1_0007.png,4
045_0001.png,45
056_0026.png,56
001_1_0001_1_j.png,1
011_1_0007_1_j.png,11
043_1_0011_1_j.png,43
050_1_0020.png,50
028_1_0009_1_j.png,28
026_1_0011.png,26
042_1_0008.png,42
049_1_0015.png,49
045_0012.png,45
054_1_0005.png,54
003_0002.png,3
051_1_0002_1_j.png,51
004_1_0014.png,4
054_1_0014_1_j.png,54
023_1_0006.png,23
026_1_0027_1_j.png,26
037_0014_j.png,37
043_1_0047.png,43
007_1_0066.png,7
040_0002_j.png,40
005_1_0014.png,5
046_1_0006.png,46
054_1_0011_1_j.png,54
010_1_0005_1_j.png,10
043_0010_j.png,43
027_1_0010.png,27
017_0038.png,17
043_1_0029.png,43
003_1_0015.png,3
016_0004.png,16
014_0019.png,14
026_1_0015_1_j.png,26
035_1_0006_1_j.png,35
003_1_0078.png,3
003_0028.png,3
028_1_0007.png,28
024_1_0011.png,24
028_1_0216.png,28
056_0038.png,56
005_1_0023_1_j.png,5
014_1_0058.png,14
054_0090.png,54
016_0059.png,16
011_0049_j.png,11
030_0037.png,30
005_1_0069.png,5
037_0006.png,37
026_0019_j.png,26
028_1_0214.png,28
043_1_0006_1_j.png,43
028_0049.png,28
029_0010_j.png,29
028_0195.png,28
039_1_0009_1_j.png,39
040_0001_j.png,40
005_0002.png,5
030_0060.png,30
007_1_0006.png,7
054_0082.png,54
035_0030.png,35
012_1_0025.png,12
035_1_0012_1_j.png,35
022_0001_j.png,22
039_0008_j.png,39
017_0028.png,17
054_1_0060.png,54
007_1_0005_1_j.png,7
004_0025.png,4
055_0036.png,55
043_1_0016_1_j.png,43
028_1_0143.png,28
013_1_0028_1_j.png,13
017_1_0019.png,17
054_1_0087_1_j.png,54
054_0151.png,54
004_1_0028.png,4
055_1_0029.png,55
000_1_0034.png,0
050_0018.png,50
016_0046.png,16
052_0013.png,52
016_1_0057.png,16
030_1_0007.png,30
035_0022_j.png,35
028_1_0039.png,28
037_0004.png,37
005_1_0028.png,5
013_1_0005.png,13
028_1_0181.png,28
035_1_0056.png,35
054_0006_j.png,54
005_0062.png,5
024_0008.png,24
028_1_0095.png,28
054_0083_j.png,54
017_0040.png,17
029_0020.png,29
017_1_0014_1_j.png,17
028_0011.png,28
054_1_0031.png,54
026_0003_j.png,26
003_1_0041.png,3
019_1_0002.png,19
052_1_0009.png,52
055_0060.png,55
038_0009.png,38
050_1_0010_1_j.png,50
028_1_0153.png,28
028_1_0077.png,28
024_0036.png,24
007_1_0026_1_j.png,7
028_1_0140.png,28
049_1_0017_1_j.png,49
016_0001.png,16
003_0047.png,3
055_0003_j.png,55
035_1_0068.png,35
005_1_0063.png,5
043_0013.png,43
014_0053.png,14
012_0045.png,12
002_1_0019.png,2
002_1_0004_1_j.png,2
028_0037.png,28
028_0102.png,28
030_0066.png,30
006_1_0030.png,6
043_1_0038.png,43
013_1_0026_1_j.png,13
014_0026.png,14
028_1_0035_1_j.png,28
005_1_0045.png,5
049_0013.png,49
017_1_0050.png,17
055_1_0016_1_j.png,55
003_0127.png,3
011_0053.png,11
042_0005_j.png,42
017_1_0039.png,17
002_1_0001.png,2
055_0012.png,55
017_0020.png,17
017_0056.png,17
042_0016_j.png,42
054_0092.png,54
005_1_0017_1_j.png,5
035_0017.png,35
039_0004_j.png,39
012_1_0012.png,12
030_0061.png,30
007_1_0043.png,7
037_1_0003.png,37
054_0095.png,54
016_1_0053.png,16
012_0008_j.png,12
055_1_0003.png,55
055_1_0043.png,55
026_1_0019_1_j.png,26
030_1_0020.png,30
047_0006_j.png,47
043_0041.png,43
039_1_0011_1_j.png,39
003_0004_j.png,3
043_0040.png,43
024_0004_j.png,24
014_0016.png,14
014_1_0036.png,14
037_0026.png,37
054_1_0038.png,54
002_0026.png,2
024_1_0046.png,24
045_0002.png,45
026_0010.png,26
028_1_0103.png,28
003_0015.png,3
028_1_0056.png,28
034_1_0002_1_j.png,34
030_1_0055.png,30
054_1_0160.png,54
054_0121.png,54
003_1_0107.png,3
011_1_0021_1_j.png,11
027_1_0013_1_j.png,27
054_0009_j.png,54
003_0031.png,3
013_0015_j.png,13
049_1_0010.png,49
012_1_0041.png,12
017_1_0008.png,17
003_0036.png,3
028_0140.png,28
006_0016_j.png,6
047_1_0003.png,47
054_0102.png,54
017_1_0009.png,17
015_0016.png,15
054_0013_j.png,54
055_1_0056.png,55
005_0057.png,5
004_0006_j.png,4
026_1_0033_1_j.png,26
003_0081.png,3
042_1_0001.png,42
031_0017.png,31
054_0069_j.png,54
004_0015.png,4
026_0008_j.png,26
039_1_0001_1_j.png,39
035_1_0008_1_j.png,35
016_0015_j.png,16
022_0003_j.png,22
011_0057.png,11
007_0001.png,7
028_1_0218.png,28
054_0143.png,54
034_0009.png,34
004_1_0032.png,4
054_1_0110.png,54
050_1_0011.png,50
010_0019_j.png,10
043_1_0015.png,43
011_0020_j.png,11
026_1_0009_1_j.png,26
016_0028.png,16
014_0025.png,14
055_1_0071.png,55
055_0029_j.png,55
054_0034.png,54
055_1_0023.png,55
035_1_0071.png,35
012_1_0012_1_j.png,12
013_1_0038.png,13
054_0034_j.png,54
028_1_0006_1_j.png,28
025_1_0002.png,25
003_1_0092.png,3
035_0063.png,35
016_0052.png,16
029_0001.png,29
030_1_0035.png,30
001_0012.png,1
026_0028.png,26
044_0012_j.png,44
002_1_0021.png,2
021_0002.png,21
005_0091.png,5
051_1_0005_1_j.png,51
011_0040.png,11
052_0006_j.png,52
003_0028_j.png,3
054_1_0067.png,54
014_0032.png,14
016_0042.png,16
006_0017.png,6
029_0013_j.png,29
016_1_0052.png,16
022_1_0004_1_j.png,22
028_0153.png,28
014_1_0043.png,14
028_0189.png,28
004_0047.png,4
044_0001.png,44
040_0014.png,40
014_1_0038.png,14
054_1_0018.png,54
024_0006_j.png,24
054_0152.png,54
055_1_0053.png,55
012_0008.png,12
004_0029_j.png,4
028_0064.png,28
035_1_0039.png,35
049_0005_j.png,49
031_1_0001_1_j.png,31
019_0001.png,19
030_1_0059.png,30
028_1_0104.png,28
054_1_0080_1_j.png,54
035_1_0028.png,35
026_0042.png,26
026_1_0055.png,26
017_0016_j.png,17
013_1_0008_1_j.png,13
027_1_0005_1_j.png,27
035_1_0004_1_j.png,35
042_0005.png,42
030_0004.png,30
014_1_0006_1_j.png,14
054_1_0027.png,54
013_1_0006.png,13
054_1_0094.png,54
006_1_0014_1_j.png,6
039_0005_j.png,39
049_0011_j.png,49
028_1_0083.png,28
029_1_0010_1_j.png,29
013_0001.png,13
007_0067.png,7
054_1_0073_1_j.png,54
016_1_0013_1_j.png,16
043_0017_j.png,43
026_1_0051_1_j.png,26
018_1_0001.png,18
005_0008_j.png,5
026_1_0010_1_j.png,26
055_1_0028.png,55
026_1_0036_1_j.png,26
000_1_0024.png,0
030_0027.png,30
014_1_0035.png,14
027_1_0013.png,27
012_0003_j.png,12
015_0006_j.png,15
010_0007_j.png,10
006_1_0005.png,6
004_1_0005_1_j.png,4
026_1_0053.png,26
030_1_0069.png,30
056_1_0050.png,56
017_0064.png,17
008_1_0002.png,8
030_1_0058.png,30
005_0088.png,5
027_1_0004.png,27
036_1_0007.png,36
024_1_0003_1_j.png,24
042_0012_j.png,42
017_0017_j.png,17
055_1_0006.png,55
004_1_0012_1_j.png,4
054_1_0074_1_j.png,54
028_0199.png,28
037_1_0001.png,37
002_0029.png,2
014_1_0017.png,14
018_1_0004.png,18
026_1_0044_1_j.png,26
029_0007_j.png,29
035_0035.png,35
054_1_0048.png,54
038_1_0007_1_j.png,38
012_1_0002_1_j.png,12
002_0028.png,2
029_1_0013_1_j.png,29
004_0030.png,4
024_1_0015.png,24
002_0030.png,2
006_0025.png,6
015_1_0009_1_j.png,15
054_0055_j.png,54
007_1_0062.png,7
054_1_0065.png,54
028_0039.png,28
035_1_0058.png,35
028_1_0108.png,28
011_0044.png,11
056_1_0006_1_j.png,56
017_0004.png,17
000_0038.png,0
026_1_0020.png,26
016_1_0026_1_j.png,16
031_0007.png,31
027_0010.png,27
026_0039_j.png,26
026_0057_j.png,26
038_1_0009.png,38
016_1_0018.png,16
011_0042_j.png,11
030_0025.png,30
006_0033.png,6
039_1_0013_1_j.png,39
020_0001.png,20
028_0046.png,28
016_0062.png,16
054_1_0042.png,54
038_1_0004_1_j.png,38
004_1_0009.png,4
028_1_0061.png,28
055_1_0076.png,55
007_0006_j.png,7
003_1_0088.png,3
035_0027_j.png,35
026_1_0014.png,26
028_0124.png,28
012_1_0008.png,12
002_1_0015.png,2
056_1_0007.png,56
048_1_0004.png,48
015_1_0003_1_j.png,15
038_1_0012_1_j.png,38
010_0016_j.png,10
041_0001_j.png,41
014_0058.png,14
037_0019.png,37
030_0069.png,30
043_1_0028.png,43
017_0045.png,17
001_0006.png,1
017_0008.png,17
007_1_0010.png,7
028_1_0031.png,28
000_1_0005.png,0
010_0011.png,10
016_0032_j.png,16
011_1_0032.png,11
002_1_0008.png,2
026_1_0019.png,26
054_1_0073.png,54
044_1_0006_1_j.png,44
028_0145.png,28
013_0014_j.png,13
028_0156.png,28
010_1_0011_1_j.png,10
043_0013_j.png,43
028_1_0012.png,28
013_0010.png,13
016_1_0030_1_j.png,16
003_0064.png,3
028_1_0024_1_j.png,28
054_0035_j.png,54
035_0042.png,35
000_1_0041.png,0
011_1_0057.png,11
007_1_0023_1_j.png,7
014_0033.png,14
000_0027.png,0
055_0034.png,55
011_1_0004.png,11
017_1_0024.png,17
007_1_0041.png,7
043_0058.png,43
001_0013.png,1
037_1_0008.png,37
010_1_0011.png,10
054_1_0024.png,54
007_1_0075.png,7
000_0018.png,0
003_0125.png,3
054_0089.png,54
015_1_0003.png,15
040_1_0001.png,40
030_1_0049.png,30
056_0021.png,56
029_1_0019.png,29
050_1_0022.png,50
054_0048.png,54
042_1_0003_1_j.png,42
054_1_0017.png,54
006_1_0037.png,6
007_0020_j.png,7
036_0010.png,36
016_0040.png,16
041_1_0003.png,41
050_1_0026.png,50
054_0003.png,54
055_0025_j.png,55
054_1_0146.png,54
028_1_0019_1_j.png,28
035_0017_j.png,35
035_1_0015.png,35
028_0088.png,28
041_0003_j.png,41
043_0015.png,43
011_0068.png,11
028_1_0091.png,28
016_1_0009_1_j.png,16
045_0007.png,45
055_0030.png,55
017_0008_j.png,17
055_1_0045.png,55
028_0101.png,28
028_0131.png,28
052_1_0008_1_j.png,52
026_0043_j.png,26
011_0048.png,11
054_0058_j.png,54
003_1_0093.png,3
006_0014_j.png,6
028_0011_j.png,28
003_1_0095.png,3
054_0010_j.png,54
035_0031.png,35
037_1_0001_1_j.png,37
005_1_0062.png,5
028_1_0050.png,28
011_1_0001.png,11
011_0028.png,11
028_1_0020_1_j.png,28
054_0022_j.png,54
050_1_0006_1_j.png,50
055_0016.png,55
017_1_0023_1_j.png,17
005_1_0015_1_j.png,5
054_0075_j.png,54
054_1_0106.png,54
014_1_0050.png,14
014_1_0016.png,14
030_1_0057.png,30
004_0038.png,4
001_0005_j.png,1
024_0046.png,24
030_0070.png,30
056_0009.png,56
003_0052.png,3
011_0065.png,11
043_1_0014_1_j.png,43
050_0009.png,50
035_1_0036.png,35
043_1_0057.png,43
039_1_0012_1_j.png,39
004_1_0029_1_j.png,4
003_1_0112.png,3
005_0064.png,5
030_1_0052.png,30
016_1_0003_1_j.png,16
054_1_0122.png,54
013_1_0032.png,13
006_0023.png,6
005_1_0024.png,5
031_1_0013.png,31
007_0011.png,7
056_0030.png,56
005_0085.png,5
056_0003.png,56
028_1_0207.png,28
017_1_0011.png,17
005_0010_j.png,5
017_0032_j.png,17
017_0001_j.png,17
007_0017.png,7
001_0007_j.png,1
011_0017.png,11
054_0055.png,54
007_1_0032.png,7
013_1_0011_1_j.png,13
054_0081.png,54
002_1_0025.png,2
007_0070.png,7
030_0014.png,30
011_1_0047_1_j.png,11
028_0206.png,28
013_0016.png,13
052_0004_j.png,52
028_0041.png,28
028_0119.png,28
017_1_0053.png,17
007_1_0003.png,7
003_1_0051.png,3
055_1_0015_1_j.png,55
000_1_0004.png,0
000_1_0045.png,0
010_0032.png,10
027_0003.png,27
007_1_0011.png,7
010_0005.png,10
051_0004_j.png,51
054_0072_j.png,54
054_0135.png,54
026_1_0022.png,26
007_0005.png,7
030_0024.png,30
016_0031_j.png,16
055_1_0026.png,55
012_1_0044.png,12
010_1_0023_1_j.png,10
054_1_0080.png,54
055_0062.png,55
010_0001_j.png,10
012_1_0004_1_j.png,12
000_1_0035.png,0
000_0034.png,0
055_0056.png,55
036_1_0018.png,36
017_1_0003_1_j.png,17
002_1_0039.png,2
028_1_0193.png,28
003_0053.png,3
037_1_0013_1_j.png,37
054_1_0027_1_j.png,54
000_0020.png,0
005_1_0001_1_j.png,5
026_0044.png,26
007_1_0016.png,7
054_1_0054.png,54
054_1_0062.png,54
006_1_0011.png,6
014_0001.png,14
013_0027_j.png,13
005_1_0011_1_j.png,5
054_0026.png,54
043_1_0010_1_j.png,43
002_1_0018.png,2
024_1_0034.png,24
039_1_0008_1_j.png,39
002_1_0001_1_j.png,2
026_1_0057.png,26
024_0028.png,24
028_1_0093.png,28
007_0065.png,7
004_0027_j.png,4
014_0044.png,14
054_1_0066.png,54
011_0005_j.png,11
030_0068.png,30
050_1_0012.png,50
016_0041.png,16
017_0037.png,17
051_1_0004_1_j.png,51
028_1_0190.png,28
007_0069.png,7
028_0176.png,28
054_0042.png,54
016_0029_j.png,16
014_1_0005_1_j.png,14
011_1_0065.png,11
014_0030.png,14
056_0041.png,56
044_1_0002_1_j.png,44
054_0119.png,54
004_0010.png,4
030_1_0074.png,30
050_0020.png,50
012_0020.png,12
055_1_0061.png,55
037_0017.png,37
050_1_0004.png,50
055_1_0022_1_j.png,55
044_1_0002.png,44
007_0047.png,7
032_0001_j.png,32
054_0131.png,54
028_1_0042.png,28
007_0042.png,7
006_1_0006.png,6
007_1_0007.png,7
028_1_0081.png,28
028_1_0183.png,28
054_0069.png,54
011_1_0043.png,11
037_0012.png,37
028_1_0015.png,28
013_0017_j.png,13
007_0062.png,7
026_0033_j.png,26
011_1_0063.png,11
024_1_0038.png,24
002_1_0005.png,2
055_1_0040.png,55
024_0013.png,24
014_1_0004_1_j.png,14
014_0036.png,14
017_0025_j.png,17
055_1_0027_1_j.png,55
054_1_0070_1_j.png,54
007_1_0015_1_j.png,7
005_0027.png,5
017_0022.png,17
055_0070.png,55
012_1_0013.png,12
006_0006.png,6
054_1_0035_1_j.png,54
000_0045.png,0
049_0018_j.png,49
028_0177.png,28
035_1_0063.png,35
035_0043.png,35
026_0020.png,26
016_0039.png,16
005_1_0005.png,5
020_1_0002_1_j.png,20
042_1_0009_1_j.png,42
054_0067.png,54
030_0029.png,30
008_0002.png,8
031_1_0007_1_j.png,31
016_0007.png,16
011_1_0030_1_j.png,11
003_0029.png,3
054_1_0043.png,54
003_0013_j.png,3
003_1_0008.png,3
028_0173.png,28
003_0013.png,3
004_1_0001.png,4
054_1_0089_1_j.png,54
017_0028_j.png,17
054_0091.png,54
054_1_0101.png,54
038_1_0005.png,38
000_0002.png,0
007_0014_j.png,7
054_0022.png,54
004_1_0021_1_j.png,4
030_1_0030.png,30
028_0057.png,28
021_0008.png,21
045_1_0008.png,45
013_1_0001.png,13
028_0038.png,28
055_0028_j.png,55
005_0033.png,5
040_0001.png,40
014_1_0061.png,14
037_0003_j.png,37
055_0059.png,55
017_1_0021_1_j.png,17
028_0029.png,28
004_0017.png,4
017_1_0051.png,17
027_0007_j.png,27
039_1_0003_1_j.png,39
054_0155.png,54
007_0009.png,7
030_1_0044.png,30
056_1_0052.png,56
043_0025_j.png,43
028_1_0167.png,28
014_0021.png,14
028_0003.png,28
056_1_0003_1_j.png,56
027_1_0009_1_j.png,27
043_1_0005_1_j.png,43
024_0019.png,24
029_0019.png,29
043_0031.png,43
043_1_0036.png,43
007_1_0055.png,7
004_1_0020.png,4
003_1_0087.png,3
024_0025.png,24
046_1_0005_1_j.png,46
013_0012_j.png,13
035_1_0051.png,35
035_0020.png,35
037_1_0002_1_j.png,37
011_0060.png,11
027_1_0012.png,27
008_0008_j.png,8
028_0010.png,28
024_0018.png,24
010_1_0020.png,10
028_1_0053.png,28
054_0048_j.png,54
028_0070.png,28
026_1_0044.png,26
042_1_0001_1_j.png,42
032_0004.png,32
041_0004.png,41
041_0005.png,41
054_0038_j.png,54
038_0014.png,38
054_0122.png,54
003_1_0096.png,3
024_1_0041.png,24
054_0020.png,54
043_1_0034.png,43
028_1_0005_1_j.png,28
001_0003_j.png,1
054_1_0083.png,54
055_1_0047.png,55
055_0018.png,55
028_0031_j.png,28
012_1_0031.png,12
024_1_0002_1_j.png,24
028_1_0157.png,28
000_1_0002_1_j.png,0
056_1_0003.png,56
032_1_0004_1_j.png,32
000_1_0054.png,0
046_0009_j.png,46
000_0009.png,0
055_0002_j.png,55
038_1_0001.png,38
050_0004.png,50
054_1_0058_1_j.png,54
030_0009_j.png,30
024_0014.png,24
044_1_0004_1_j.png,44
016_0053.png,16
016_1_0068.png,16
026_1_0043.png,26
016_1_0001.png,16
052_1_0001.png,52
052_1_0016.png,52
038_1_0003_1_j.png,38
051_0001.png,51
000_0035.png,0
016_1_0002.png,16
012_1_0011.png,12
038_0004.png,38
028_1_0126.png,28
007_0020.png,7
035_0014.png,35
007_1_0004.png,7
044_0006_j.png,44
005_1_0010_1_j.png,5
000_0028.png,0
034_1_0003.png,34
050_0003.png,50
054_0004.png,54
057_0001.png,57
007_0061.png,7
017_0010_j.png,17
007_1_0009_1_j.png,7
007_0013.png,7
056_0054.png,56
006_0029.png,6
007_1_0033.png,7
026_0039.png,26
016_0035.png,16
035_1_0054.png,35
006_0031.png,6
016_1_0041.png,16
016_1_0009.png,16
056_0002.png,56
016_0012_j.png,16
016_1_0028_1_j.png,16
055_0080.png,55
039_0002_j.png,39
028_0154.png,28
028_1_0015_1_j.png,28
054_0127.png,54
007_0030.png,7
027_0011.png,27
054_0154.png,54
028_0008.png,28
006_1_0028.png,6
009_1_0001.png,9
001_1_0015.png,1
052_1_0015.png,52
017_1_0024_1_j.png,17
028_1_0120.png,28
016_1_0023.png,16
030_1_0029.png,30
015_0008_j.png,15
021_1_0001_1_j.png,21
046_1_0006_1_j.png,46
026_0024.png,26
014_1_0011.png,14
028_1_0117.png,28
005_0003_j.png,5
054_0043_j.png,54
028_0180.png,28
024_1_0018.png,24
054_0054_j.png,54
028_0168.png,28
002_1_0010.png,2
003_1_0102.png,3
007_1_0034.png,7
006_0003_j.png,6
010_0010.png,10
003_1_0022_1_j.png,3
049_1_0015_1_j.png,49
037_1_0019.png,37
046_1_0004_1_j.png,46
028_0053.png,28
012_1_0009_1_j.png,12
003_1_0001.png,3
007_1_0047.png,7
008_0005_j.png,8
049_1_0005_1_j.png,49
056_1_0021.png,56
054_1_0093.png,54
042_0001.png,42
054_1_0022.png,54
028_0175.png,28
010_1_0027.png,10
001_0007.png,1
016_0018_j.png,16
053_0001.png,53
044_1_0013.png,44
055_1_0064.png,55
055_0004.png,55
055_0013.png,55
054_0001_j.png,54
016_0018.png,16
028_0022.png,28
055_1_0066.png,55
043_0020_j.png,43
004_0011_j.png,4
011_0056.png,11
038_1_0006_1_j.png,38
055_0017.png,55
029_1_0005.png,29
028_0104.png,28
010_0015.png,10
028_1_0059.png,28
012_0043.png,12
054_0075.png,54
026_0034_j.png,26
002_1_0005_1_j.png,2
038_1_0021_1_j.png,38
055_0046.png,55
050_0010.png,50
054_1_0126.png,54
004_0001_j.png,4
000_0003.png,0
000_1_0031.png,0
045_0006.png,45
031_1_0010.png,31
014_1_0008.png,14
052_0016.png,52
028_0059.png,28
052_0015.png,52
035_1_0013_1_j.png,35
031_1_0009.png,31
036_0001.png,36
002_0009.png,2
030_0067.png,30
029_1_0016.png,29
017_1_0032.png,17
035_1_0043.png,35
054_0023.png,54
054_0052_j.png,54
043_0018.png,43
006_0013_j.png,6
011_1_0017.png,11
013_0015.png,13
017_1_0049.png,17
050_0002.png,50
041_0008.png,41
000_0017.png,0
011_1_0031.png,11
016_0063.png,16
042_0008_j.png,42
037_0015_j.png,37
054_1_0125.png,54
000_1_0030.png,0
002_1_0023.png,2
054_1_0086_1_j.png,54
003_1_0073.png,3
054_0050.png,54
013_0035.png,13
026_1_0015.png,26
035_0032.png,35
016_0011.png,16
011_0003_j.png,11
003_0069.png,3
055_0049.png,55
000_1_0003_1_j.png,0
003_0113.png,3
015_1_0009.png,15
055_0066.png,55
028_1_0139.png,28
026_1_0007.png,26
013_0024_j.png,13
011_0050_j.png,11
043_0015_j.png,43
030_0006_j.png,30
010_0006_j.png,10
012_1_0007.png,12
007_0058.png,7
030_0040.png,30
016_1_0026.png,16
007_0007.png,7
005_0092.png,5
049_1_0003_1_j.png,49
017_0003_j.png,17
055_0048.png,55
039_0006_j.png,39
043_0007.png,43
028_1_0189.png,28
050_0003_j.png,50
031_0016.png,31
007_0023_j.png,7
014_1_0003.png,14
026_0013.png,26
003_1_0104.png,3
037_0001.png,37
007_0046.png,7
016_1_0036.png,16
002_0039.png,2
054_1_0046_1_j.png,54
055_1_0042.png,55
035_1_0012.png,35
054_0007.png,54
023_1_0006.png,23
043_1_0030.png,43
001_0009.png,1
012_0009_j.png,12
004_0024_j.png,4
050_1_0016.png,50
056_1_0008_1_j.png,56
028_1_0002.png,28
003_1_0086.png,3
004_0003.png,4
030_0009.png,30
054_1_0028_1_j.png,54
016_0066.png,16
013_0038.png,13
054_1_0044.png,54
054_0021.png,54
012_1_0002.png,12
016_1_0031_1_j.png,16
049_0012_j.png,49
043_0020.png,43
024_0049.png,24
045_1_0002.png,45
003_0007_j.png,3
030_0023.png,30
011_0045_j.png,11
030_1_0037.png,30
014_0017.png,14
007_0022_j.png,7
052_1_0002_1_j.png,52
052_1_0007.png,52
014_0027.png,14
007_1_0070.png,7
002_0002.png,2
043_1_0020_1_j.png,43
054_1_0049_1_j.png,54
028_1_0019.png,28
028_1_0105.png,28
049_1_0007_1_j.png,49
012_1_0004.png,12
028_0214.png,28
044_1_0009_1_j.png,44
054_0017_j.png,54
054_1_0119.png,54
012_0006.png,12
005_0035.png,5
028_1_0040.png,28
011_0042.png,11
024_1_0010.png,24
032_1_0004.png,32
028_1_0017.png,28
011_0007.png,11
054_1_0006.png,54
042_1_0010_1_j.png,42
056_1_0025.png,56
054_1_0024_1_j.png,54
005_1_0057.png,5
002_0016.png,2
016_1_0064.png,16
016_0058.png,16
004_0023.png,4
002_0022.png,2
056_0015_j.png,56
017_1_0054.png,17
003_0001_j.png,3
052_0013.png,52
054_0047_j.png,54
054_0025.png,54
002_0016.png,2
006_0024.png,6
056_0004_j.png,56
001_1_0006.png,1
026_0043.png,26
003_0077.png,3
019_0002.png,19
012_0010_j.png,12
035_1_0072.png,35
029_0018.png,29
037_0013.png,37
030_0054.png,30
013_0042.png,13
038_0013_j.png,38
030_1_0021.png,30
005_1_0004_1_j.png,5
002_0011_j.png,2
011_0034.png,11
013_1_0024_1_j.png,13
039_1_0001.png,39
005_0006.png,5
003_0084.png,3
055_0074.png,55
016_1_0034_1_j.png,16
003_0072.png,3
055_1_0055.png,55
007_1_0074.png,7
031_0004_j.png,31
040_1_0004.png,40
028_1_0155.png,28
013_0012.png,13
036_1_0006.png,36
054_0070_j.png,54
027_1_0008.png,27
016_1_0015_1_j.png,16
034_0005.png,34
054_1_0030.png,54
050_1_0002.png,50
008_1_0004_1_j.png,8
028_0172.png,28
048_1_0002.png,48
017_0018.png,17
030_0003.png,30
004_0009_j.png,4
036_0006.png,36
003_1_0040.png,3
056_0044.png,56
054_1_0109.png,54
050_0008_j.png,50
028_0086.png,28
026_0042_j.png,26
011_1_0012_1_j.png,11
001_0011.png,1
000_1_0011.png,0
036_1_0014.png,36
003_1_0014.png,3
002_0034.png,2
043_0037.png,43
054_1_0056_1_j.png,54
026_1_0040.png,26
000_1_0006.png,0
056_0046.png,56
017_0005.png,17
055_0067.png,55
017_1_0020.png,17
010_0026.png,10
011_1_0046.png,11
010_0029.png,10
005_0056.png,5
055_0018_j.png,55
024_1_0013.png,24
021_0006.png,21
021_1_0001.png,21
004_1_0035.png,4
000_1_0039.png,0
041_1_0008.png,41
035_1_0011.png,35
037_0004_j.png,37
003_0040.png,3
000_1_0028.png,0
029_1_0002.png,29
035_1_0004.png,35
026_0047_j.png,26
013_0013.png,13
031_1_0002_1_j.png,31
049_1_0006_1_j.png,49
007_0075.png,7
054_1_0017_1_j.png,54
028_0017.png,28
017_1_0004_1_j.png,17
000_1_0043.png,0
016_0035_j.png,16
035_0008_j.png,35
030_1_0014_1_j.png,30
038_0001_j.png,38
024_1_0037.png,24
054_0062.png,54
024_0012.png,24
001_0001_j.png,1
010_0033.png,10
054_0001.png,54
011_1_0068.png,11
028_1_0073.png,28
003_0017_j.png,3
034_1_0004_1_j.png,34
003_1_0037.png,3
039_0006.png,39
011_0040_j.png,11
054_0030.png,54
043_0016.png,43
004_0023_j.png,4
004_0016.png,4
016_0016_j.png,16
049_1_0020.png,49
017_1_0017.png,17
041_1_0002_1_j.png,41
011_0012.png,11
017_1_0034.png,17
055_0020_j.png,55
028_1_0001_1_j.png,28
005_1_0071.png,5
005_1_0081.png,5
011_0005.png,11
014_1_0032.png,14
030_1_0008_1_j.png,30
011_0023_j.png,11
043_0026.png,43
055_1_0024.png,55
012_1_0040.png,12
011_1_0013_1_j.png,11
002_0010.png,2
054_1_0121.png,54
011_1_0067.png,11
050_0026.png,50
017_0051.png,17
039_0013_j.png,39
043_0003_j.png,43
056_1_0035.png,56
006_1_0034.png,6
043_0034_j.png,43
054_0033.png,54
005_1_0064.png,5
002_1_0036.png,2
026_1_0066_1_j.png,26
055_1_0002.png,55
038_0010.png,38
034_1_0001_1_j.png,34
014_1_0060.png,14
007_0021.png,7
054_1_0066_1_j.png,54
015_0012.png,15
013_1_0020_1_j.png,13
006_1_0003.png,6
030_1_0027.png,30
056_0049.png,56
010_1_0029.png,10
035_0050.png,35
054_0038.png,54
010_1_0012_1_j.png,10
004_1_0039.png,4
055_0019.png,55
002_1_0032.png,2
029_0015.png,29
054_0030_j.png,54
011_0037_j.png,11
028_0188.png,28
012_0009.png,12
028_1_0080.png,28
003_0018_j.png,3
035_0016.png,35
011_1_0048.png,11
043_0053.png,43
054_0053.png,54
035_1_0014_1_j.png,35
003_1_0042.png,3
030_1_0023.png,30
029_0003_j.png,29
043_1_0001_1_j.png,43
024_1_0012.png,24
017_1_0057.png,17
035_0011_j.png,35
054_0132.png,54
055_1_0051.png,55
029_0005_j.png,29
026_1_0005_1_j.png,26
010_1_0027_1_j.png,10
047_0001_j.png,47
037_1_0015_1_j.png,37
024_1_0043.png,24
023_1_0003.png,23
055_1_0023_1_j.png,55
054_0049_j.png,54
014_0012.png,14
010_1_0018_1_j.png,10
023_1_0005.png,23
026_0004.png,26
028_1_0030_1_j.png,28
054_0005_j.png,54
002_0031.png,2
016_1_0022.png,16
005_0021.png,5
011_0033.png,11
016_1_0017.png,16
030_1_0018.png,30
054_0004_j.png,54
026_0021_j.png,26
054_1_0078.png,54
038_0013.png,38
014_1_0001_1_j.png,14
040_1_0010.png,40
054_1_0032.png,54
005_0061.png,5
028_0109.png,28
011_1_0033.png,11
014_1_0041.png,14
039_1_0012.png,39
030_0063.png,30
028_1_0176.png,28
010_1_0008.png,10
010_1_0007.png,10
016_1_0048.png,16
011_1_0019_1_j.png,11
011_1_0065.png,11
029_0011.png,29
055_1_0001.png,55
010_1_0002_1_j.png,10
003_0050.png,3
030_1_0060.png,30
045_1_0007.png,45
012_0001_j.png,12
016_1_0046.png,16
031_1_0003.png,31
043_0021.png,43
028_0103.png,28
055_0014.png,55
004_1_0036.png,4
055_1_0014_1_j.png,55
003_1_0027.png,3
026_1_0035_1_j.png,26
012_1_0026.png,12
012_0030.png,12
006_1_0020.png,6
012_0013.png,12
043_0008.png,43
035_0013_j.png,35
000_1_0058.png,0
052_1_0013.png,52
043_1_0015_1_j.png,43
006_1_0024.png,6
055_1_0037.png,55
001_1_0002.png,1
035_0071.png,35
041_0006.png,41
054_1_0075_1_j.png,54
028_1_0009.png,28
003_0018.png,3
003_0042.png,3
028_1_0135.png,28
042_1_0008_1_j.png,42
007_1_0022.png,7
054_0076_j.png,54
012_1_0010_1_j.png,12
003_1_0091.png,3
013_1_0033.png,13
038_1_0010.png,38
043_1_0021.png,43
040_0013.png,40
020_0001_j.png,20
039_0008.png,39
026_1_0028.png,26
004_1_0010.png,4
006_1_0007.png,6
054_0037.png,54
055_1_0013.png,55
000_0058.png,0
024_1_0011.png,24
003_1_0043.png,3
015_0006.png,15
054_0009.png,54
006_0038.png,6
018_0001.png,18
055_0051.png,55
004_0046.png,4
026_1_0009.png,26
043_1_0041.png,43
054_0112.png,54
056_1_0020.png,56
054_1_0075.png,54
002_1_0022.png,2
028_1_0065.png,28
043_0024_j.png,43
054_0139.png,54
054_1_0090.png,54
054_1_0021_1_j.png,54
054_1_0056.png,54
006_0032.png,6
003_1_0031.png,3
030_1_0022.png,30
055_0022.png,55
003_1_0029.png,3
026_0029_j.png,26
055_0027_j.png,55
028_1_0141.png,28
024_1_0040.png,24
027_0003_j.png,27
011_0019.png,11
040_0011.png,40
006_1_0014.png,6
013_1_0002.png,13
002_1_0007.png,2
027_0013_j.png,27
055_1_0002_1_j.png,55
003_0002_j.png,3
026_1_0004.png,26
003_0001.png,3
043_1_0007.png,43
035_0006_j.png,35
011_0015.png,11
010_1_0021_1_j.png,10
049_0003.png,49
029_1_0021.png,29
043_1_0004_1_j.png,43
049_1_0011.png,49
010_1_0031.png,10
017_1_0039.png,17
054_1_0013_1_j.png,54
026_1_0018.png,26
016_1_0045.png,16
014_0002.png,14
052_0010.png,52
011_0044_j.png,11
007_1_0004_1_j.png,7
010_1_0030_1_j.png,10
054_1_0084.png,54
028_0067.png,28
000_0056.png,0
028_1_0054.png,28
014_1_0055.png,14
049_1_0019_1_j.png,49
049_1_0004.png,49
054_0136.png,54
054_1_0085_1_j.png,54
013_1_0025_1_j.png,13
007_1_0027.png,7
011_0043.png,11
010_0002.png,10
028_0083.png,28
028_1_0092.png,28
055_0076.png,55
003_1_0058.png,3
028_0137.png,28
006_0016.png,6
011_1_0054_1_j.png,11
055_0055.png,55
031_0001_j.png,31
050_0019.png,50
028_1_0123.png,28
055_0042.png,55
003_0009_j.png,3
054_0059.png,54
035_0065.png,35
028_0035.png,28
011_0030_j.png,11
028_0029_j.png,28
011_1_0020_1_j.png,11
026_0013_j.png,26
002_0027.png,2
023_0006.png,23
005_0044.png,5
035_0001_j.png,35
015_1_0016.png,15
003_0089.png,3
035_1_0005.png,35
045_0003.png,45
005_0006_j.png,5
054_0015_j.png,54
017_1_0030.png,17
044_1_0010.png,44
003_0041.png,3
031_0003.png,31
000_0010.png,0
000_0001_j.png,0
017_0031.png,17
000_0012.png,0
054_0006.png,54
024_1_0009.png,24
007_0001_j.png,7
024_0007_j.png,24
024_1_0004.png,24
005_0090.png,5
010_1_0003_1_j.png,10
003_0108.png,3
040_1_0008.png,40
028_1_0114.png,28
007_1_0048.png,7
016_1_0032.png,16
011_1_0037.png,11
018_1_0002.png,18
028_0068.png,28
043_1_0053.png,43
005_1_0059.png,5
030_1_0019.png,30
026_1_0031_1_j.png,26
011_0013.png,11
011_1_0064.png,11
028_1_0191.png,28
043_1_0009_1_j.png,43
007_1_0013.png,7
054_0117.png,54
016_1_0029.png,16
029_0017.png,29
031_1_0012.png,31
028_1_0021_1_j.png,28
014_1_0014.png,14
054_1_0064.png,54
027_0010_j.png,27
017_0063.png,17
002_0025.png,2
002_1_0029.png,2
003_0117.png,3
016_1_0035_1_j.png,16
005_0052.png,5
002_0022.png,2
028_0066.png,28
004_1_0038.png,4
024_1_0039.png,24
024_0005_j.png,24
003_0049.png,3
010_0021.png,10
054_0118.png,54
016_1_0036_1_j.png,16
015_1_0010_1_j.png,15
056_0045.png,56
017_0011_j.png,17
055_1_0031.png,55
007_1_0018_1_j.png,7
007_1_0056.png,7
013_1_0044.png,13
035_1_0040.png,35
054_0005.png,54
028_0110.png,28
055_0007_j.png,55
055_0011_j.png,55
048_0003_j.png,48
022_0005_j.png,22
013_0002.png,13
004_1_0046.png,4
001_1_0011.png,1
055_1_0054.png,55
016_0038_j.png,16
024_0024.png,24
035_0014_j.png,35
002_0011.png,2
030_0033.png,30
007_0038.png,7
035_1_0009.png,35
007_0072.png,7
027_0012_j.png,27
055_0071.png,55
056_0001_j.png,56
011_0047_j.png,11
028_1_0021.png,28
055_1_0074.png,55
041_1_0006.png,41
002_0021.png,2
001_1_0002_1_j.png,1
005_1_0021.png,5
004_1_0029.png,4
003_1_0018_1_j.png,3
005_1_0031.png,5
028_0217.png,28
002_1_0019.png,2
054_0110.png,54
007_1_0024_1_j.png,7
056_1_0027.png,56
007_1_0044.png,7
024_0022.png,24
035_1_0052.png,35
028_1_0026_1_j.png,28
026_0058_j.png,26
011_1_0050_1_j.png,11
056_1_0032.png,56
056_1_0041.png,56
054_0111.png,54
034_0007.png,34
002_0006_j.png,2
034_0002.png,34
007_1_0010_1_j.png,7
044_0013.png,44
003_1_0129.png,3
007_0016.png,7
028_0183.png,28
047_1_0001.png,47
012_0005_j.png,12
050_0017.png,50
047_1_0005_1_j.png,47
038_0002.png,38
052_0008.png,52
054_1_0099.png,54
028_1_0202.png,28
055_1_0069.png,55
028_1_0197.png,28
005_0017_j.png,5
024_1_0007.png,24
056_1_0049.png,56
054_1_0033.png,54
017_1_0064.png,17
037_1_0010.png,37
013_1_0013.png,13
003_0061.png,3
042_0015_j.png,42
003_1_0019.png,3
001_1_0014.png,1
057_1_0003_1_j.png,57
038_0014_j.png,38
024_0011.png,24
054_0088_j.png,54
010_1_0013_1_j.png,10
004_0007_j.png,4
007_0021_j.png,7
011_0032.png,11
054_0159.png,54
016_0011_j.png,16
014_1_0024.png,14
011_0059.png,11
011_0030.png,11
054_1_0048_1_j.png,54
002_1_0021.png,2
015_0018.png,15
001_1_0008.png,1
026_0032_j.png,26
049_1_0018.png,49
006_0036.png,6
004_1_0033.png,4
010_1_0014.png,10
036_1_0004.png,36
027_0011_j.png,27
037_0022.png,37
038_0018_j.png,38
054_1_0039.png,54
014_0015.png,14
005_0055.png,5
040_0006_j.png,40
054_0126.png,54
010_0008_j.png,10
043_1_0033.png,43
039_0002.png,39
003_1_0004.png,3
016_0002_j.png,16
035_0001.png,35
006_0005.png,6
028_0036.png,28
011_1_0035.png,11
056_0051.png,56
035_0060.png,35
026_1_0062_1_j.png,26
054_1_0029_1_j.png,54
016_0013_j.png,16
035_0044.png,35
013_1_0035.png,13
028_1_0033_1_j.png,28
055_0064.png,55
004_1_0013_1_j.png,4
001_0002_j.png,1
035_0016_j.png,35
030_1_0034.png,30
017_1_0002_1_j.png,17
016_0060.png,16
028_0132.png,28
034_1_0007.png,34
054_0142.png,54
017_0002_j.png,17
021_0001_j.png,21
014_0031.png,14
014_0011.png,14
016_1_0004_1_j.png,16
002_1_0023.png,2
028_0097.png,28
026_1_0006_1_j.png,26
030_0017_j.png,30
036_1_0015.png,36
007_1_0016_1_j.png,7
056_1_0043.png,56
043_0057.png,43
010_1_0006_1_j.png,10
005_0043.png,5
003_1_0032.png,3
010_1_0031_1_j.png,10
013_0008_j.png,13
035_0061.png,35
026_1_0021_1_j.png,26
055_0009_j.png,55
047_0002_j.png,47
042_0003.png,42
040_1_0009.png,40
000_0016.png,0
054_0086.png,54
036_0013.png,36
035_0010_j.png,35
006_0011.png,6
013_0025_j.png,13
016_1_0022_1_j.png,16
028_0043.png,28
049_1_0002.png,49
054_0011.png,54
012_1_0007_1_j.png,12
016_1_0003.png,16
052_0014.png,52
006_1_0015_1_j.png,6
028_1_0154.png,28
037_0009_j.png,37
055_1_0067.png,55
046_0002_j.png,46
035_1_0022.png,35
026_0007.png,26
032_1_0003.png,32
016_1_0010_1_j.png,16
030_1_0002_1_j.png,30
003_0093.png,3
055_0012_j.png,55
013_0007_j.png,13
034_0003.png,34
054_1_0021.png,54
012_0025.png,12
054_0036_j.png,54
037_1_0009.png,37
035_1_0026.png,35
011_0054.png,11
055_0016_j.png,55
017_0034.png,17
030_1_0013.png,30
006_1_0029.png,6
028_1_0014.png,28
014_0046.png,14
022_1_0005.png,22
015_1_0017.png,15
004_1_0011_1_j.png,4
010_1_0016.png,10
007_0052.png,7
016_1_0027.png,16
006_0034.png,6
008_1_0003_1_j.png,8
043_1_0029_1_j.png,43
005_0015_j.png,5
004_1_0043.png,4
045_1_0005.png,45
000_0006_j.png,0
004_1_0017_1_j.png,4
043_0018_j.png,43
038_0011.png,38
029_1_0012_1_j.png,29
050_1_0004_1_j.png,50
000_1_0027.png,0
003_0057.png,3
003_1_0014_1_j.png,3
054_0002_j.png,54
054_0015.png,54
043_0017.png,43
017_1_0029_1_j.png,17
026_0050.png,26
005_0070.png,5
024_0003.png,24
005_0002_j.png,5
054_0138.png,54
055_1_0017.png,55
054_0100.png,54
012_0047.png,12
050_0012.png,50
043_0032_j.png,43
017_0019.png,17
027_1_0003_1_j.png,27
028_1_0088.png,28
026_1_0045_1_j.png,26
038_0009_j.png,38
028_0028_j.png,28
004_0014_j.png,4
016_1_0037.png,16
055_1_0065.png,55
024_1_0045.png,24
035_0041.png,35
002_0004_j.png,2
003_1_0053.png,3
005_1_0021_1_j.png,5
044_1_0005.png,44
034_0008.png,34
014_1_0051.png,14
015_1_0011_1_j.png,15
035_0064.png,35
003_0103.png,3
011_0025.png,11
006_0004_j.png,6
024_0009.png,24
028_0144.png,28
023_0002.png,23
017_1_0020_1_j.png,17
039_0007.png,39
013_0014.png,13
028_1_0098.png,28
007_1_0037.png,7
003_1_0099.png,3
026_0059.png,26
005_0073.png,5
029_1_0004.png,29
051_1_0003_1_j.png,51
015_1_0002_1_j.png,15
004_0031.png,4
005_1_0013_1_j.png,5
026_0061.png,26
005_1_0072.png,5
006_1_0023.png,6
017_1_0018.png,17
054_0040.png,54
038_0006_j.png,38
007_0007_j.png,7
036_0007.png,36
056_1_0014_1_j.png,56
003_0104.png,3
027_1_0002_1_j.png,27
005_1_0065.png,5
050_1_0015.png,50
005_1_0025_1_j.png,5
056_0017_j.png,56
002_1_0027.png,2
023_0002_j.png,23
024_1_0030.png,24
003_0115.png,3
003_1_0085.png,3
028_1_0013.png,28
045_1_0010.png,45
013_0032.png,13
014_1_0007_1_j.png,14
049_0002_j.png,49
003_0067.png,3
054_1_0082_1_j.png,54
017_1_0062.png,17
043_0055.png,43
035_1_0025.png,35
035_0045.png,35
035_0056.png,35
015_1_0004.png,15
010_0005_j.png,10
000_0002_j.png,0
014_0022.png,14
044_1_0008_1_j.png,44
013_0033.png,13
011_0066.png,11
021_1_0005.png,21
029_0003.png,29
041_1_0001.png,41
011_1_0010_1_j.png,11
046_0007_j.png,46
043_1_0023.png,43
005_1_0089.png,5
028_1_0145.png,28
011_1_0056.png,11
030_1_0004.png,30
055_1_0063.png,55
026_1_0011_1_j.png,26
002_1_0014.png,2
026_1_0042_1_j.png,26
054_0046_j.png,54
028_0033.png,28
054_1_0136.png,54
001_0017.png,1
035_1_0029.png,35
049_1_0013.png,49
015_1_0006.png,15
012_1_0043.png,12
035_0003.png,35
035_1_0001_1_j.png,35
007_1_0059.png,7
036_0003.png,36
014_0039.png,14
022_1_0007_1_j.png,22
024_0044.png,24
043_0019.png,43
004_1_0003.png,4
046_1_0005.png,46
030_0011.png,30
003_0038.png,3
015_0004.png,15
055_1_0014.png,55
028_0089.png,28
054_1_0079_1_j.png,54
002_0003_j.png,2
043_1_0005.png,43
029_1_0002_1_j.png,29
056_0052.png,56
037_0016.png,37
017_1_0025.png,17
043_1_0040.png,43
010_1_0013.png,10
055_1_0038.png,55
012_1_0027.png,12
010_0025_j.png,10
028_0035_j.png,28
035_1_0065.png,35
005_1_0007_1_j.png,5
016_1_0008_1_j.png,16
011_1_0005_1_j.png,11
014_1_0063.png,14
031_1_0011.png,31
054_0025_j.png,54
052_1_0017.png,52
028_0030.png,28
012_1_0010.png,12
028_1_0125.png,28
027_1_0006_1_j.png,27
028_0151.png,28
045_0008.png,45
016_1_0061.png,16
050_0013.png,50
017_0023_j.png,17
012_0003.png,12
037_1_0017.png,37
055_1_0032.png,55
017_0043.png,17
011_0049.png,11
056_0010.png,56
036_1_0006.png,36
028_0095.png,28
014_1_0031.png,14
028_1_0109.png,28
003_1_0114.png,3
026_1_0067_1_j.png,26
056_0040.png,56
012_0002_j.png,12
052_1_0011.png,52
011_1_0026_1_j.png,11
028_0099.png,28
026_0005_j.png,26
014_1_0021.png,14
004_1_0042.png,4
049_1_0005.png,49
007_1_0003_1_j.png,7
036_1_0007.png,36
055_1_0004.png,55
054_0026_j.png,54
002_1_0012.png,2
054_0077_j.png,54
056_1_0028.png,56
002_1_0009_1_j.png,2
035_1_0026_1_j.png,35
054_1_0102.png,54
007_1_0067.png,7
032_1_0002.png,32
054_0065_j.png,54
016_1_0021.png,16
028_0143.png,28
003_0024_j.png,3
023_1_0002_1_j.png,23
005_1_0029.png,5
027_0013.png,27
016_0070.png,16
035_0004_j.png,35
054_1_0127.png,54
006_1_0003_1_j.png,6
007_1_0054.png,7
049_0014_j.png,49
017_0014_j.png,17
028_1_0049.png,28
026_0027.png,26
003_1_0015_1_j.png,3
003_1_0035.png,3
038_1_0006.png,38
024_0011.png,24
028_0009_j.png,28
044_0013_j.png,44
028_0128.png,28
056_0007.png,56
054_0073.png,54
003_0098.png,3
037_1_0016.png,37
003_0040.png,3
037_0003.png,37
043_1_0028_1_j.png,43
001_1_0004_1_j.png,1
028_1_0052.png,28
043_0024.png,43
003_0043.png,3
028_0032_j.png,28
042_1_0005_1_j.png,42
037_1_0010_1_j.png,37
054_1_0068_1_j.png,54
030_0030.png,30
013_0004_j.png,13
010_0009_j.png,10
055_1_0073.png,55
055_0021.png,55
049_0007.png,49
039_0009_j.png,39
006_1_0010_1_j.png,6
003_1_0042.png,3
000_0011.png,0
054_1_0053.png,54
026_1_0053_1_j.png,26
056_1_0034.png,56
027_1_0003.png,27
014_1_0033.png,14
000_1_0007_1_j.png,0
030_1_0038.png,30
043_0042.png,43
030_0010_j.png,30
028_0179.png,28
003_0096.png,3
003_1_0124.png,3
027_0002.png,27
028_1_0148.png,28
028_1_0115.png,28
055_1_0077.png,55
045_0010.png,45
054_0124.png,54
035_1_0017.png,35
043_0038.png,43
003_1_0031.png,3
003_0114.png,3
055_0001.png,55
030_1_0011.png,30
013_0036.png,13
029_1_0018.png,29
007_1_0019.png,7
055_1_0046.png,55
030_0013_j.png,30
055_1_0062.png,55
047_1_0004.png,47
024_1_0001_1_j.png,24
024_0023.png,24
013_1_0008.png,13
052_0005_j.png,52
036_0016.png,36
026_0005.png,26
035_1_0049.png,35
017_1_0030_1_j.png,17
007_0018_j.png,7
055_1_0030_1_j.png,55
040_0007.png,40
054_1_0114.png,54
014_0059.png,14
017_1_0016.png,17
003_0078.png,3
054_1_0011.png,54
028_0150.png,28
043_1_0010.png,43
054_1_0078_1_j.png,54
028_0001_j.png,28
030_1_0047.png,30
031_1_0006.png,31
049_0017.png,49
011_1_0061.png,11
026_0037.png,26
035_0053.png,35
056_0035.png,56
003_0051.png,3
010_1_0034.png,10
006_1_0026.png,6
055_1_0029_1_j.png,55
050_1_0008.png,50
055_0010.png,55
005_1_0035.png,5
005_0010.png,5
003_0087.png,3
054_0061_j.png,54
035_0027.png,35
043_1_0007_1_j.png,43
029_0014.png,29
004_0022_j.png,4
007_0037.png,7
011_1_0036.png,11
043_1_0043.png,43
021_0004_j.png,21
019_1_0001.png,19
056_1_0011_1_j.png,56
031_0010_j.png,31
017_1_0003.png,17
003_1_0044.png,3
006_0027.png,6
000_0023.png,0
056_1_0030.png,56
056_1_0002_1_j.png,56
026_0001_j.png,26
028_0034_j.png,28
043_0009.png,43
055_1_0012.png,55
042_1_0014_1_j.png,42
017_1_0035.png,17
054_0046.png,54
043_0001_j.png,43
005_0045.png,5
007_1_0065.png,7
014_1_0027.png,14
026_0030.png,26
011_1_0052.png,11
028_0157.png,28
003_0030_j.png,3
011_1_0062.png,11
016_0034_j.png,16
054_0041.png,54
055_1_0028_1_j.png,55
031_1_0008.png,31
054_1_0022_1_j.png,54
028_0015_j.png,28
043_1_0046.png,43
005_0074.png,5
004_1_0003_1_j.png,4
015_1_0001_1_j.png,15
026_0046.png,26
050_1_0027.png,50
054_1_0059_1_j.png,54
010_0025.png,10
054_1_0006_1_j.png,54
026_1_0061_1_j.png,26
004_0012.png,4
054_1_0124.png,54
035_1_0009_1_j.png,35
054_0043.png,54
028_1_0170.png,28
003_1_0097.png,3
040_1_0007.png,40
028_1_0156.png,28
011_0048_j.png,11
047_0003_j.png,47
049_1_0007.png,49
003_1_0039.png,3
003_0022.png,3
049_1_0018_1_j.png,49
017_1_0036.png,17
000_1_0009.png,0
006_0009.png,6
036_1_0013.png,36
002_0018.png,2
016_0045.png,16
016_1_0011_1_j.png,16
028_0112.png,28
026_0041_j.png,26
028_0003_j.png,28
052_1_0008.png,52
028_0160.png,28
000_1_0044.png,0
013_0040.png,13
003_0102.png,3
004_1_0022.png,4
028_0146.png,28
049_1_0022_1_j.png,49
055_0072.png,55
054_1_0147.png,54
052_1_0005_1_j.png,52
056_1_0018.png,56
016_0017_j.png,16
028_1_0102.png,28
011_1_0041_1_j.png,11
055_0065.png,55
048_0001_j.png,48
028_1_0020.png,28
054_1_0054_1_j.png,54
030_0018.png,30
042_1_0007_1_j.png,42
006_0018.png,6
028_1_0013_1_j.png,28
010_1_0009.png,10
054_1_0118.png,54
016_1_0006_1_j.png,16
030_0073.png,30
028_0016_j.png,28
056_1_0009_1_j.png,56
007_1_0036.png,7
029_1_0008_1_j.png,29
054_0101.png,54
050_1_0009.png,50
021_0001.png,21
036_0018.png,36
028_0198.png,28
043_1_0020.png,43
003_1_0082.png,3
003_0070.png,3
024_1_0006_1_j.png,24
054_0128.png,54
012_0032.png,12
036_1_0001.png,36
032_0002.png,32
030_0065.png,30
016_1_0006.png,16
011_1_0013.png,11
004_0028_j.png,4
003_0095.png,3
004_1_0008.png,4
030_0002.png,30
020_1_0008.png,20
054_0072.png,54
005_0017.png,5
045_1_0003.png,45
005_1_0090.png,5
011_0004_j.png,11
038_0008.png,38
013_0037.png,13
003_0035.png,3
003_1_0118.png,3
005_0022.png,5
016_1_0025.png,16
043_0040.png,43
016_1_0007_1_j.png,16
028_0197.png,28
032_1_0003_1_j.png,32
035_1_0020.png,35
028_0171.png,28
000_1_0006_1_j.png,0
003_1_0027_1_j.png,3
029_1_0006_1_j.png,29
013_1_0015.png,13
038_1_0018_1_j.png,38
045_0011.png,45
026_1_0047_1_j.png,26
028_0017_j.png,28
054_1_0154.png,54
002_1_0035.png,2
035_0026.png,35
054_1_0076_1_j.png,54
054_1_0001.png,54
028_1_0074.png,28
028_0100.png,28
012_1_0035.png,12
020_1_0007.png,20
010_0016.png,10
026_0018_j.png,26
022_1_0003_1_j.png,22
038_0012.png,38
003_1_0010_1_j.png,3
028_1_0142.png,28
005_1_0075.png,5
054_1_0036_1_j.png,54
028_1_0010_1_j.png,28
028_1_0122.png,28
011_1_0061.png,11
054_0140.png,54
033_0001.png,33
030_0012_j.png,30
010_1_0001_1_j.png,10
028_1_0127.png,28
011_0028_j.png,11
028_0024_j.png,28
016_1_0002_1_j.png,16
017_1_0009_1_j.png,17
035_0037.png,35
010_0007.png,10
039_1_0007_1_j.png,39
054_0041_j.png,54
028_1_0010.png,28
054_1_0086.png,54
010_0031.png,10
013_1_0040.png,13
013_1_0048.png,13
003_1_0076.png,3
005_1_0073.png,5
017_1_0026_1_j.png,17
055_0054.png,55
026_0048.png,26
028_0127.png,28
012_1_0003_1_j.png,12
054_1_0061_1_j.png,54
054_1_0083_1_j.png,54
026_1_0061.png,26
028_1_0022_1_j.png,28
056_0003_j.png,56
042_0014_j.png,42
030_1_0002.png,30
055_1_0005.png,55
028_0060.png,28
031_1_0002.png,31
026_1_0008.png,26
043_1_0026_1_j.png,43
035_1_0027_1_j.png,35
005_1_0085.png,5
028_0186.png,28
004_1_0028_1_j.png,4
020_0002_j.png,20
024_0010.png,24
003_1_0105.png,3
028_0142.png,28
028_0221.png,28
002_0009_j.png,2
055_0001_j.png,55
026_0031.png,26
035_1_0033.png,35
047_0002.png,47
017_0054.png,17
049_1_0002_1_j.png,49
055_0019_j.png,55
005_0026.png,5
013_0028_j.png,13
049_0001.png,49
013_0034.png,13
024_0001.png,24
056_0023.png,56
028_1_0219.png,28
029_1_0013.png,29
017_1_0015_1_j.png,17
054_0029_j.png,54
028_0032.png,28
035_1_0016.png,35
049_1_0016_1_j.png,49
031_1_0004.png,31
042_0003_j.png,42
038_1_0010_1_j.png,38
028_1_0022.png,28
013_1_0007.png,13
017_0029_j.png,17
056_1_0014.png,56
039_0015_j.png,39
044_1_0012_1_j.png,44
005_0020.png,5
056_1_0009.png,56
005_1_0013.png,5
017_1_0046.png,17
043_1_0003_1_j.png,43
013_0013_j.png,13
015_0001_j.png,15
034_1_0005.png,34
014_0018.png,14
022_1_0005_1_j.png,22
004_1_0007_1_j.png,4
018_0003.png,18
030_1_0005.png,30
055_0043.png,55
003_1_0026_1_j.png,3
013_1_0005_1_j.png,13
020_1_0002.png,20
002_0020.png,2
030_1_0070.png,30
055_0078.png,55
004_1_0025_1_j.png,4
022_0001.png,22
014_0006.png,14
038_0019_j.png,38
052_1_0010.png,52
042_0009_j.png,42
039_0016_j.png,39
049_0009.png,49
012_0005.png,12
056_0011.png,56
007_0071.png,7
028_1_0177.png,28
016_0020_j.png,16
007_1_0053.png,7
043_0019_j.png,43
055_0025.png,55
054_0123.png,54
005_0014_j.png,5
004_0013.png,4
026_1_0037_1_j.png,26
034_0006.png,34
022_0006.png,22
028_1_0222.png,28
003_1_0003_1_j.png,3
024_1_0027.png,24
012_1_0039.png,12
056_0016.png,56
055_1_0018.png,55
039_1_0009.png,39
028_0047.png,28
054_0097.png,54
029_1_0014_1_j.png,29
001_0005.png,1
054_1_0071.png,54
039_0010.png,39
017_1_0035.png,17
017_0048.png,17
013_1_0029_1_j.png,13
011_0064.png,11
024_1_0026.png,24
037_1_0002.png,37
055_0057.png,55
005_0089.png,5
055_0077.png,55
007_1_0014.png,7
029_0008.png,29
012_1_0018.png,12
011_1_0011_1_j.png,11
042_1_0002_1_j.png,42
031_0004.png,31
031_1_0017.png,31
017_1_0041.png,17
000_1_0055.png,0
026_0047.png,26
007_0063.png,7
050_0024.png,50
026_0017_j.png,26
054_1_0007.png,54
031_1_0007.png,31
005_0009.png,5
031_0018.png,31
055_0005.png,55
032_1_0002_1_j.png,32
055_0063.png,55
017_1_0037.png,17
046_0010_j.png,46
017_0038.png,17
043_1_0013.png,43
038_0003_j.png,38
055_1_0048.png,55
010_1_0025.png,10
016_0024_j.png,16
004_0005.png,4
054_0024_j.png,54
006_1_0006_1_j.png,6
012_1_0016.png,12
021_1_0003_1_j.png,21
007_1_0042.png,7
039_0001.png,39
028_0149.png,28
003_0054.png,3
044_1_0001.png,44
050_1_0011_1_j.png,50
011_1_0060.png,11
017_1_0012_1_j.png,17
011_0041_j.png,11
007_1_0014_1_j.png,7
017_0030.png,17
028_1_0017_1_j.png,28
056_1_0002.png,56
028_1_0151.png,28
002_1_0012_1_j.png,2
003_1_0004_1_j.png,3
011_1_0008_1_j.png,11
046_0001_j.png,46
